<?xml version="1.0" encoding="UTF-8"?>
<window id="601">
    <defaultcontrol always="true">8000</defaultcontrol>
    <controls>
        <include condition="!Window.IsActive(seekbar)">FadeBackgroundPVRInfo</include>
        <control type="group">
            <posx>0</posx>
            <posy>0</posy>
            <width>1920</width>
            <height>1080</height>
            <animation type="WindowOpen">
                <effect type="fade" start="0" end="100" time="300" tween="sine" delay="300" easing="out" />
                <effect type="zoom" start="335,125,1440,810" end="0,0,1920,1080" time="400" delay="300" tween="cubic" easing="out" />
            </animation>
            <animation type="WindowClose">
                <effect type="fade" start="100" end="0" time="300" tween="sine" easing="out" />
                <effect type="zoom" start="0,0,1920,1080" end="335,125,1440,810" time="300" tween="cubic" easing="out" />
            </animation>
            <animation type="Visible">
                <effect type="slide" start="-1920" end="0" time="500" delay="0" tween="sine" easing="inout" />
            </animation>
            <animation type="Hidden">
                <effect type="zoom" start="100" end="75" center="640,540" time="250" tween="sine" easing="inout" />
                <effect type="slide" start="0" end="-2320" time="500" delay="0" tween="sine" easing="inout" />
            </animation>

            <!-- Title Label -->
            <control type="group">
                <visible>[!Player.HasMedia | !String.IsEmpty(Window(10025).Property(PlayingBackgroundMedia))] + !Window.IsActive(notification) + !Window.IsActive(extendedprogressdialog)</visible>
                <include>visiblehidefadeinfo</include>
                <control type="label">
                    <animation effect="fade" start="0" end="100" time="300" tween="sine" delay="300" easing="in">WindowOpen</animation>
                    <posx>118</posx>
                    <posy>51</posy>
                    <width>1490</width>
                    <height>100</height>
                    <label>$INFO[ListItem.Title]</label>
                    <font>Font-Condensed-S75</font>
                    <textcolor>aawhite</textcolor>
                    <align>left</align>
                    <scroll>false</scroll>
                </control>
            </control>

            <!-- Title Label -->
            <control type="group">
                <visible>[Player.HasMedia + String.IsEmpty(Window(10025).Property(PlayingBackgroundMedia))] | Window.IsActive(notification) | Window.IsActive(extendedprogressdialog)</visible>
                <include>visiblehidefadeinfo</include>
                <control type="label">
                    <animation effect="fade" start="0" end="100" time="300" tween="sine" delay="300" easing="in">WindowOpen</animation>
                    <posx>118</posx>
                    <posy>51</posy>
                    <width>832</width>
                    <height>100</height>
                    <label>$INFO[ListItem.Title]</label>
                    <font>Font-Condensed-S75</font>
                    <textcolor>aawhite</textcolor>
                    <align>left</align>
                    <scroll>false</scroll>
                </control>
            </control>

            <!-- Channel name -->
            <control type="label">
                <animation effect="fade" start="0" end="100" time="300" tween="sine" delay="300" easing="in">WindowOpen</animation>
                <animation type="Conditional" condition="Control.HasFocus(1110)">
                    <effect type="slide" start="0" end="510" time="400" delay="0" tween="sine" easing="inout" />
                </animation>
                <posx>118</posx>
                <posy>144</posy>
                <width min="50" max="400">auto</width>
                <height>60</height>
                <label>$INFO[ListItem.ChannelName]</label>
                <font>Font-Condensed-S45</font>
                <textcolor>eewhite</textcolor>
                <align>left</align>
                <scroll>false</scroll>
                <animation effect="fade" start="100" end="50" time="200" tween="sine" easing="inout" condition="Window.IsActive(filebrowser) | Window.IsActive(selectdialog) | Window.IsActive(DialogSelect.xml)">Conditional</animation>
            </control>

            <control type="group">
                <include>FullscreenDimensions</include>
                <!-- Shadow -->
                <control type="image">
                    <description>Shadow</description>
                    <posx>57</posx>
                    <posy>900</posy>
                    <width>720</width>
                    <height>125</height>
                    <texture>windows/home/item-shadow.png</texture>
                </control>

                <!-- Panel -->
                <control type="image">
                    <posx>98</posx>
                    <posy>573</posy>
                    <width>638</width>
                    <height>335</height>
                    <texture border="3">views/list/panel/panel.png</texture>
                </control>

                <!-- OSD Back -->
                <control type="image">
                    <posx>324</posx>
                    <posy>500</posy>
                    <width>188</width>
                    <height>59</height>
                    <texture>dialogs/video-info/osd-back.png</texture>
                    <animation effect="fade" start="100" end="0" time="300" tween="sine" easing="inout" condition="![Control.HasFocus(1101) | Control.HasFocus(1104) | Control.HasFocus(1105)]">Conditional</animation>
                    <include>visiblehidefade</include>
                    <visible>Player.HasVideo</visible>
                </control>

                <control type="list" id="8000">
                    <posx>100</posx>
                    <posy>576</posy>
                    <width>634</width>
                    <height>332</height>
                    <onleft>1110</onleft>
                    <onright condition="Control.IsVisible(70)">70</onright>
                    <onup>8000</onup>
                    <ondown>8000</ondown>
                    <scrolltime>0</scrolltime>
                    <orientation>vertical</orientation>
                    <itemlayout height="83">
                        <control type="image">
                            <posx>0</posx>
                            <posy>0</posy>
                            <width>634</width>
                            <height>84</height>
                            <texture border="90,3,90,3">views/list/other/separator.png</texture>
                        </control>
                        <control type="label">
                            <posx>30</posx>
                            <posy>0</posy>
                            <width>574</width>
                            <height>82</height>
                            <font>Font-Condensed-S40</font>
                            <label>$INFO[ListItem.Label]</label>
                            <textcolor>eewhite</textcolor>
                            <shadowcolor>33000000</shadowcolor>
                            <animation effect="fade" start="100" end="50" time="0" condition="true">Conditional</animation>
                        </control>
                    </itemlayout>
                    <focusedlayout height="83">
                        <control type="image">
                            <posx>0</posx>
                            <posy>0</posy>
                            <width>634</width>
                            <height>84</height>
                            <texture border="90,3,90,3">views/list/other/separator.png</texture>
                        </control>
                        <control type="image">
                            <posx>0</posx>
                            <posy>0</posy>
                            <width>634</width>
                            <height>82</height>
                            <texture border="150,1,150,1">views/other/focus.png</texture>
                            <animation effect="slide" start="0,83" end="0,0" time="300" reversible="false" tween="back" easing="out" condition="Container(8000).OnPrevious">Focus</animation>
                            <animation effect="slide" start="0,-83" end="0,0" time="300" reversible="false" tween="back" easing="out" condition="Container(8000).OnNext">Focus</animation>
                            <include>visiblehidefadeinfo</include>
                            <visible>Control.HasFocus(8000)</visible>
                        </control>
                        <control type="label">
                            <posx>30</posx>
                            <posy>0</posy>
                            <width>574</width>
                            <height>82</height>
                            <font>Font-Condensed-S40</font>
                            <label>$INFO[ListItem.Label]</label>
                            <textcolor>eewhite</textcolor>
                            <shadowcolor>33000000</shadowcolor>
                            <animation effect="fade" start="50" end="100" time="300" tween="sine" easing="inout" reversible="false" condition="Container(8000).OnNext | Container(8000).OnPrevious">Focus</animation>
                            <animation effect="fade" start="100" end="50" time="300" tween="sine" easing="inout" condition="!Control.HasFocus(8000)">Conditional</animation>
                        </control>
                    </focusedlayout>
                    <content>
                        <item id="1">
                            <description>Switch to Channel</description>
                            <visible>Window.IsActive(pvrguideinfo)</visible>
                            <label>$LOCALIZE[19165]</label>
                            <onclick>SendClick(5)</onclick>
                        </item>
                        <item id="2">
                            <description>Add switch timer</description>
                            <label>$ADDON[service.kn.switchtimer 30040]</label>
                            <visible>System.HasAddon(service.kn.switchtimer)</visible>
                            <onclick>RunScript(service.kn.switchtimer,action=add,channel=$INFO[ListItem.Channelname],date=$INFO[ListItem.Date],title=$INFO[ListItem.Title])</onclick>
                        </item>
                        <item id="3">
                            <description>Find similar</description>
                            <visible>Window.IsActive(pvrguideinfo)</visible>
                            <label>$LOCALIZE[19003]</label>
                            <onclick>Dialog.Close(all)</onclick>
                            <onclick>SendClick(4)</onclick>
                        </item>
                        <item id="4">
                            <description>Add timer</description>
                            <visible>Window.IsActive(pvrguideinfo)</visible>
                            <label>$LOCALIZE[19061]</label>
                            <onclick>SendClick(9)</onclick>
                        </item>
                        <item id="5">
                            <description>Set reminder</description>
                            <visible>Window.IsActive(pvrguideinfo)</visible>
                            <visible>!ListItem.HasReminder</visible>
                            <label>$LOCALIZE[826]</label>
                            <onclick>SendClick(11)</onclick>
                        </item>
                        <item id="6">
                            <description>Play Record</description>
                            <visible>Window.IsActive(pvrrecordinginfo)</visible>
                            <label>$LOCALIZE[19687]</label>
                            <onclick>SendClick(8)</onclick>
                        </item>
                        <item id="7">
                            <description>Record</description>
                            <visible>Window.IsActive(pvrguideinfo)</visible>
                            <label>$LOCALIZE[264]</label>
                            <onclick>SendClick(6)</onclick>
                        </item>
                        <item id="8">
                            <description>Trailer</description>
                            <visible>System.HasAddon(script.extendedinfo)</visible>
                            <label>$LOCALIZE[20410]</label>
                            <onclick>Dialog.Close(all)</onclick>
                            <onclick>Action(close)</onclick>
                            <onclick>RunScript(script.extendedinfo,info=youtubebrowser,id=$INFO[ListItem.Title])</onclick>
                        </item>
                    </content>
                </control>

                <!-- Info -->
                <control type="grouplist">
                    <animation effect="fade" start="0" end="100" time="300" tween="sine" delay="300" easing="in">WindowOpen</animation>
                    <animation effect="fade" start="0" end="100" time="300" tween="sine" delay="500" easing="in">Visible</animation>
                    <animation effect="fade" start="100" end="0" time="300" tween="sine" delay="500" easing="out">Hidden</animation>
                    <posx>760</posx>
                    <posy>245</posy>
                    <width>1054</width>
                    <height>700</height>
                    <orientation>vertical</orientation>
                    <usecontrolcoords>true</usecontrolcoords>
                     <control type="group">
                        <posx>10</posx>
                        <width>1044</width>
                        <height>70</height>
                        <control type="label">
                            <width min="0" max="1044">auto</width>
                            <height>70</height>
                            <font>Font-Condensed-S45</font>
                            <align>left</align>
                            <label>$INFO[ListItem.Title]</label>
                            <textcolor>eewhite</textcolor>
                            <scroll>false</scroll>
                            <visible>String.IsEmpty(ListItem.Episode) + String.IsEmpty(ListItem.EpisodeName)</visible>
                        </control>
                        <control type="label">
                            <width min="0" max="1044">auto</width>
                            <height>70</height>
                            <font>Font-Condensed-S45</font>
                            <align>left</align>
                            <label>$INFO[ListItem.Season,,x]$INFO[ListItem.Episode,, • ]$INFO[ListItem.Title]$INFO[ListItem.EpisodeName, • ]</label>
                            <textcolor>eewhite</textcolor>
                            <scroll>false</scroll>
                            <visible>!String.IsEmpty(ListItem.Episode) | !String.IsEmpty(ListItem.EpisodeName)</visible>
                        </control>
                    </control>
                    <control type="group">
                        <width>1044</width>
                        <height>40</height>
                        <!-- Start / End time -->
                        <control type="label">
                            <posx>8</posx>
                            <posy>0</posy>
                            <width>1044</width>
                            <height>36</height>
                            <font>Font-Condensed-S34</font>
                            <align>left</align>
                            <label>$INFO[ListItem.StartTime]$INFO[ListItem.EndTime, - ]$INFO[ListItem.Duration, • , $LOCALIZE[12391]]$INFO[ListItem.StartDate, • ]</label>
                            <textcolor>aawhite</textcolor>
                            <scroll>false</scroll>
                        </control>
                    </control>
                    <control type="group">
                        <!-- Genre -->
                        <width>1044</width>
                        <height>40</height>
                        <visible>!String.IsEmpty(ListItem.Genre)</visible>
                        <control type="image">
                            <posx>0</posx>
                            <posy>-6</posy>
                            <width>49</width>
                            <height>49</height>
                            <texture>views/other/genre-icon.png</texture>
                        </control>
                        <control type="label">
                            <posx>50</posx>
                            <posy>0</posy>
                            <width>1002</width>
                            <height>36</height>
                            <font>Font-Condensed-S34</font>
                            <align>left</align>
                            <label>$INFO[ListItem.Genre]</label>
                            <textcolor>aawhite</textcolor>
                            <scroll>false</scroll>
                        </control>
                    </control>
                    <control type="group">
                        <!-- Director -->
                        <width>1044</width>
                        <height>40</height>
                        <visible>!String.IsEmpty(ListItem.Director)</visible>
                        <control type="image">
                            <posx>0</posx>
                            <posy>-6</posy>
                            <width>49</width>
                            <height>49</height>
                            <texture>views/other/director-icon.png</texture>
                        </control>
                        <control type="label">
                            <posx>50</posx>
                            <posy>0</posy>
                            <width>1002</width>
                            <height>36</height>
                            <font>Font-Condensed-S34</font>
                            <align>left</align>
                            <label>$INFO[ListItem.Director]</label>
                            <textcolor>aawhite</textcolor>
                            <scroll>false</scroll>
                        </control>
                    </control>
                    <control type="group">
                        <!-- Writer -->
                        <width>1044</width>
                        <height>59</height>
                        <visible>!String.IsEmpty(ListItem.Writer)</visible>
                        <control type="image">
                            <posx>0</posx>
                            <posy>-5</posy>
                            <width>49</width>
                            <height>49</height>
                            <texture>views/other/writer-icon.png</texture>
                        </control>
                        <control type="label">
                            <posx>50</posx>
                            <posy>0</posy>
                            <width>1002</width>
                            <height>36</height>
                            <font>Font-Condensed-S34</font>
                            <align>left</align>
                            <label>$INFO[ListItem.Writer]</label>
                            <textcolor>aawhite</textcolor>
                            <scroll>false</scroll>
                        </control>
                    </control>
                </control>

                <!-- Plot -->
                <control type="group">
                    <animation effect="fade" start="0" end="100" time="300" tween="sine" delay="300" easing="in">WindowOpen</animation>
                    <animation effect="fade" start="0" end="100" time="300" tween="sine" delay="500" easing="in">Visible</animation>
                    <animation effect="fade" start="100" end="0" time="300" tween="sine" delay="500" easing="out">Hidden</animation>
                    <posx>770</posx>
                    <posy>590</posy>
                    <width>1045</width>
                    <height>60</height>
                    <control type="textbox">
                        <posx>0</posx>
                        <posy>0</posy>
                        <width>1045</width>
                        <height>270</height>
                        <label fallback="10005">$INFO[ListItem.Plot]</label>
                        <textcolor>bbwhite</textcolor>
                        <align>justify</align>
                        <font>Font-Condensed-S40</font>
                        <autoscroll time="2000" delay="10000" repeat="10000">Window.IsActive(pvrguideinfo) + !Control.HasFocus(70) + [Control.HasFocus(8000) | Control.HasFocus(71) | ControlGroup(9336).HasFocus] + !Skin.HasSetting(AutoScroll.Disable)</autoscroll>
                        <pagecontrol>70</pagecontrol>
                        <animation effect="fade" start="100" end="71.5" time="300" tween="sine" easing="inout" condition="!Control.HasFocus(70)">Conditional</animation>
                    </control>

                    <!-- Scrollbar -->
                    <control type="image">
                        <description>Scrollbar background</description>
                        <posx>1065</posx>
                        <posy>15</posy>
                        <width>6</width>
                        <height>244</height>
                        <texture border="1">views/other/scrollbar-sq.png</texture>
                        <visible>Control.IsVisible(70)</visible>
                        <animation effect="fade" start="25" end="10" time="300" tween="sine" easing="inout" condition="!Control.HasFocus(70)">Conditional</animation>
                    </control>
                    <control type="scrollbar" id="70">
                        <description>Scrollbar</description>
                        <posx>1065</posx>
                        <posy>15</posy>
                        <width>6</width>
                        <height>244</height>
                        <onup>71</onup>
                        <ondown>71</ondown>
                        <onleft>8000</onleft>
                        <texturesliderbar border="1">views/other/scrollbar-sq.png</texturesliderbar>
                        <texturesliderbarfocus border="1">views/other/scrollbar-sq.png</texturesliderbarfocus>
                        <orientation>vertical</orientation>
                        <showonepage>false</showonepage>
                        <animation effect="fade" start="80" end="35" time="300" tween="sine" easing="inout" condition="!Control.HasFocus(70)">Conditional</animation>
                        <visible>!String.IsEmpty(ListItem.Plot)</visible>
                    </control>
                </control>

                <!-- Icon -->
                <control type="group">
                    <posx>100</posx>
                    <posy>220</posy>
                    <control type="group">
                        <visible>!Player.HasVideo | Window.IsActive(fullscreenvideo)</visible>
                        <include>visiblehidefadeinfo</include>
                        <control type="image">
                            <posx>0</posx>
                            <posy>0</posy>
                            <width>634</width>
                            <height>355</height>
                            <aspectratio>keep</aspectratio>
                            <texture background="true" fallback="windows/pvr/defaultchannelbig.png">$INFO[ListItem.Icon]</texture>
                        </control>
                    </control>
                    <control type="group">
                        <visible>Player.HasVideo + !Window.IsActive(fullscreenvideo)</visible>
                        <include>visiblehidefadeinfo</include>
                        <control type="image">
                            <description>black</description>
                            <posx>0</posx>
                            <posy>0</posy>
                            <width>634</width>
                            <height>355</height>
                            <texture border="1">windows/common/black.png</texture>
                        </control>
                        <control type="videowindow">
                            <description>video</description>
                            <posx>0</posx>
                            <posy>0</posy>
                            <width>634</width>
                            <height>356</height>
                            <include>visiblehidefadeinfo</include>
                        </control>
                    </control>
                </control>
            </control>
        </control>

        <control type="button" id="4">
            <description>Find similar</description>
            <visible>false</visible>
        </control>
        <control type="button" id="5">
            <description>Switch to Channel</description>
            <visible>false</visible>
        </control>
        <control type="button" id="6">
            <description>Record</description>
            <visible>false</visible>
        </control>
        <control type="button" id="8">
            <description>Play Record</description>
            <visible>false</visible>
        </control>
        <control type="button" id="9">
            <description>Add timer</description>
            <visible>false</visible>
        </control>
        <control type="button" id="11">
            <description>Set reminder</description>
            <visible>false</visible>
        </control>
    </controls>
</window>
