<?xml version="1.0" encoding="UTF-8"?>
<window>
    <defaultcontrol always="true">50</defaultcontrol>
    <menucontrol>9000</menucontrol>
    <views>50</views>
    <controls>
        <control type="group">
            <include>CommonItems</include>
            <include>EventLogHeader</include>

            <control type="group">
                <visible>!Window.IsActive(favouritesbrowser)</visible>
                <include>CommonViewAnimations</include>
                <include>OptionsShutdownAnimation</include>
                <control type="image">
                    <posx>248</posx>
                    <posy>187</posy>
                    <height>704</height>
                    <width>1424</width>
                    <texture border="4">views/list/panel/panel.png</texture>
                </control>
                <control type="image">
                    <description>Shadow</description>
                    <posx>150</posx>
                    <posy>883</posy>
                    <width>1620</width>
                    <height>150</height>
                    <texture>windows/home/item-shadow.png</texture>
                </control>

                <control type="list" id="50">
                    <posx>250</posx>
                    <posy>190</posy>
                    <height>700</height>
                    <width>1420</width>
                    <pagecontrol>70</pagecontrol>
                    <onleft>9000</onleft>
                    <onright>70</onright>
                    <onup>50</onup>
                    <ondown>50</ondown>
                    <viewtype label="535">list</viewtype>
                    <scrolltime tween="cubic" easing="out">500</scrolltime>
                    <itemlayout height="100">
                        <control type="image">
                            <description>List separator</description>
                            <posx>0</posx>
                            <posy>0</posy>
                            <width>1420</width>
                            <height>101</height>
                            <texture border="90,3,90,3">views/list/other/separator.png</texture>
                        </control>
                        <control type="image">
                            <posx>30</posx>
                            <posy>8</posy>
                            <width>85</width>
                            <height>85</height>
                            <texture background="true">$INFO[ListItem.Icon]</texture>
                            <aspectratio>keep</aspectratio>
                        </control>
                        <control type="label">
                            <description>Label</description>
                            <posx>140</posx>
                            <posy>10</posy>
                            <width>1250</width>
                            <height>50</height>
                            <font>Font-Condensed-S34-B</font>
                            <align>left</align>
                            <aligny>top</aligny>
                            <label>$INFO[ListItem.Label]</label>
                            <textcolor>aawhite</textcolor>
                            <selectedcolor>SelectedColor</selectedcolor>
                            <scroll>false</scroll>
                        </control>
                        <control type="label">
                            <description>Label 2</description>
                            <posx>140</posx>
                            <posy>10</posy>
                            <width>1250</width>
                            <height>98</height>
                            <font>Font-Condensed-S36</font>
                            <align>right</align>
                            <aligny>top</aligny>
                            <label>$INFO[ListItem.Label2, ,]</label>
                            <textcolor>99FFFFFF</textcolor>
                            <selectedcolor>SelectedColor</selectedcolor>
                            <scroll>false</scroll>
                        </control>
                        <control type="textbox">
                            <description>Description</description>
                            <posx>140</posx>
                            <posy>50</posy>
                            <width>1250</width>
                            <height>50</height>
                            <font>Font-Condensed-S30</font>
                            <align>left</align>
                            <aligny>top</aligny>
                            <label>$INFO[ListItem.Property(Event.Description)]</label>
                            <textcolor>99FFFFFF</textcolor>
                            <selectedcolor>SelectedColor</selectedcolor>
                            <scroll>false</scroll>
                        </control>
                    </itemlayout>
                    <focusedlayout height="100">
                        <control type="image">
                            <description>List separator</description>
                            <posx>0</posx>
                            <posy>0</posy>
                            <width>1420</width>
                            <height>101</height>
                            <texture border="90,3,90,3">views/list/other/separator.png</texture>
                        </control>
                        <control type="image">
                            <posx>0</posx>
                            <posy>0</posy>
                            <width>1420</width>
                            <height>99</height>
                            <texture border="150,1,150,1">views/other/focus.png</texture>
                            <include>defaultfocusanim</include>
                            <include>visiblehidefadeinfo</include>
                            <visible>Control.HasFocus(50)</visible>
                        </control>
                        <control type="image">
                            <posx>30</posx>
                            <posy>8</posy>
                            <width>85</width>
                            <height>85</height>
                            <texture background="true">$INFO[ListItem.Icon]</texture>
                            <aspectratio>keep</aspectratio>
                        </control>
                        <control type="group">
                            <animation type="Focus" condition="Container(50).OnNext | Container(50).OnPrevious" reversible="false">
                                <effect type="fade" start="71.5" end="100" time="500" tween="sine" easing="inout" />
                            </animation>
                            <animation effect="fade" start="100" end="71.5" time="300" tween="sine" easing="inout" condition="!Control.HasFocus(50)">Conditional</animation>
                            <control type="label">
                                <description>Label</description>
                                <posx>140</posx>
                                <posy>10</posy>
                                <width>1250</width>
                                <height>50</height>
                                <font>Font-Condensed-S34-B</font>
                                <align>left</align>
                                <aligny>top</aligny>
                                <label>$INFO[ListItem.Label]</label>
                                <textcolor>eewhite</textcolor>
                                <selectedcolor>SelectedColor</selectedcolor>
                            </control>
                            <control type="label">
                                <description>Label 2</description>
                                <posx>140</posx>
                                <posy>10</posy>
                                <width>1250</width>
                                <height>98</height>
                                <font>Font-Condensed-S36</font>
                                <align>right</align>
                                <aligny>top</aligny>
                                <label>$INFO[ListItem.Label2, ,]</label>
                                <textcolor>D4FFFFFF</textcolor>
                                <selectedcolor>SelectedColor</selectedcolor>
                                <scroll>false</scroll>
                            </control>
                            <control type="textbox">
                                <description>Description</description>
                                <posx>140</posx>
                                <posy>50</posy>
                                <width>1250</width>
                                <height>50</height>
                                <font>Font-Condensed-S30</font>
                                <align>left</align>
                                <aligny>top</aligny>
                                <label>$INFO[ListItem.Property(Event.Description)]</label>
                                <textcolor>99FFFFFF</textcolor>
                                <selectedcolor>SelectedColor</selectedcolor>
                                <scroll>false</scroll>
                            </control>
                        </control>
                    </focusedlayout>
                </control>

                <control type="scrollbar" id="70">
                    <description>Scrollbar</description>
                    <posx>1664</posx>
                    <posy>190</posy>
                    <width>6</width>
                    <height>700</height>
                    <onleft condition="!Skin.HasSetting(KioskMode)">9010</onleft>
                    <onleft condition="Skin.HasSetting(KioskMode)">50</onleft>
                    <onright condition="!Skin.HasSetting(KioskMode)">9010</onright>
                    <onright condition="Skin.HasSetting(KioskMode)">50</onright>
                    <ondown condition="!Skin.HasSetting(KioskMode)">9010</ondown>
                    <ondown condition="Skin.HasSetting(KioskMode)">50</ondown>
                    <texturesliderbar border="1">views/other/scrollbar-sq.png</texturesliderbar>
                    <texturesliderbarfocus border="1">views/other/scrollbar-sq.png</texturesliderbarfocus>
                    <orientation>vertical</orientation>
                    <showonepage>false</showonepage>
                    <animation effect="fade" start="45" end="0" time="300" tween="sine" easing="inout" condition="!Control.IsVisible(9772)">Conditional</animation>
                    <visible>Control.IsVisible(50)</visible>
                </control>
            </control>

            <include>CommonInfo</include>

            <include content="OptionsMenu">
                <control type="grouplist" id="9111">
                    <description>Windows</description>
                    <posx>19</posx>
                    <posy>47</posy>
                    <width>404</width>
                    <height>399</height>
                    <itemgap>0</itemgap>
                    <onleft>50</onleft>
                    <onright>50</onright>
                    <onup>9111</onup>
                    <ondown>9111</ondown>
                    <onback>50</onback>
                    <include>GeneralOptionsAnimations</include>
                    <control type="togglebutton" id="4">
                        <description>Ascending</description>
                        <include>optionsbuttonsdimensions</include>
                        <label>584</label>
                        <altlabel>585</altlabel>
                        <texturefocus border="70,2,2,2">dialogs/options/buttons/up-fo.png</texturefocus>
                        <texturenofocus border="70,2,2,2">dialogs/options/buttons/up-nf.png</texturenofocus>
                        <alttexturenofocus border="70,2,2,2">dialogs/options/buttons/down-nf.png</alttexturenofocus>
                        <alttexturefocus border="70,2,2,2">dialogs/options/buttons/down-fo.png</alttexturefocus>
                        <animation effect="fade" start="100" end="50" time="0" condition="!Control.IsEnabled(4)">Conditional</animation>
                    </control>
                    <control type="button" id="21">
                        <description>Level</description>
                        <posy>330</posy>
                        <include>optionsbuttonsdimensions</include>
                        <label></label>
                        <texturefocus border="70,2,2,2">dialogs/options/buttons/level-fo.png</texturefocus>
                        <texturenofocus border="70,2,2,2">dialogs/options/buttons/level-nf.png</texturenofocus>
                        <animation effect="fade" start="100" end="50" time="0" condition="!Control.IsEnabled(21)">Conditional</animation>
                    </control>
                    <control type="radiobutton" id="22">
                        <description>Sho current level and above</description>
                        <include>optionsbuttonsdimensions</include>
                        <label></label>
                        <texturefocus border="2">dialogs/options/buttons/default-fo.png</texturefocus>
                        <textureradioon>buttons/radio/options-radio-button-fo.png</textureradioon>
                        <textureradiooff>buttons/radio/options-radio-button-nf.png</textureradiooff>
                        <radioposx>-19</radioposx>
                        <animation effect="fade" start="100" end="50" time="0" condition="!Control.IsEnabled(22)">Conditional</animation>
                    </control>
                    <control type="button" id="20">
                        <description>Clear</description>
                        <posy>330</posy>
                        <include>optionsbuttonsdimensions</include>
                        <label>192</label>
                        <texturefocus border="70,2,2,2">dialogs/options/buttons/quit-fo.png</texturefocus>
                        <texturenofocus border="70,2,2,2">dialogs/options/buttons/quit-nf.png</texturenofocus>
                        <animation effect="fade" start="100" end="50" time="0" condition="!Control.IsEnabled(20)">Conditional</animation>
                    </control>
                </control>
            </include>
        </control>

        <!-- Scrollbar visibility controls -->
        <control type="image" id="9773">
            <animation effect="fade" start="100" end="0" time="0" delay="1500">WindowOpen</animation>
        </control>
        <control type="image" id="9772">
            <animation effect="fade" start="0" end="100" time="0">Visible</animation>
            <animation effect="fade" start="100" end="0" time="0">Hidden</animation>
            <visible>Control.HasFocus(70) | !Control.IsVisible(9773)</visible>
        </control>
        <control type="image" id="9772">
            <animation effect="fade" start="0" end="100" time="0">Visible</animation>
            <animation effect="fade" start="100" end="0" time="0" delay="1500">Hidden</animation>
            <visible>!Control.HasFocus(70) + [Container.Scrolling | Container.OnScrollNext | Container.OnScrollPrevious]</visible>
        </control>
    </controls>
</window>
