<?xml version="1.0" encoding="UTF-8"?>
<includes>
    <expression name="KeyboardHasText">!String.IsEmpty(Control.GetLabel(312).index(1))</expression>
    <expression name="KeyboardHasAutoCompletion">System.HasAddon(plugin.program.autocompletion) + !System.HasHiddenInput</expression>

    <variable name="KeyboardAutoCompletionContent">
        <value condition="$EXP[KeyboardHasAutoCompletion]">plugin://plugin.program.autocompletion?info=autocomplete&amp;&amp;id=$INFO[Control.GetLabel(312).index(1)]&amp;&amp;limit=4</value>
    </variable>

    <include name="KeyboardAutoCompletionFontBold">
        <font>Font-Condensed-S28-B</font>
    </include>

    <include name="Key">
        <height>90</height>
        <align>center</align>
        <aligny>top</aligny>
        <textoffsety>23</textoffsety>
        <font>Font-Condensed-S32</font>
        <texturefocus border="20">dialogs/keyboard/key-fo.png</texturefocus>
        <texturenofocus border="20">dialogs/keyboard/key-nf.png</texturenofocus>
        <textcolor>KeyboardGrey</textcolor>
        <focusedcolor>eewhite</focusedcolor>
        <selectedcolor>eewhite</selectedcolor>
    </include>
    <include name="KeyLang">
        <height>90</height>
        <align>center</align>
        <aligny>center</aligny>
        <textoffsety>0</textoffsety>
        <font>Font-Condensed-S20-B</font>
        <texturefocus border="20">dialogs/keyboard/key-fo.png</texturefocus>
        <texturenofocus border="20">dialogs/keyboard/key-nf.png</texturenofocus>
        <textcolor>KeyboardGrey</textcolor>
        <focusedcolor>eewhite</focusedcolor>
        <selectedcolor>eewhite</selectedcolor>
    </include>
    <include name="SmallKey">
        <width>90</width>
        <include>Key</include>
    </include>
    <include name="BigKey">
        <width>199</width>
        <include>Key</include>
    </include>
    <include name="BigKeyLang">
        <width>199</width>
        <include>KeyLang</include>
    </include>
    <include name="SpaceBar">
        <width>577</width>
        <include>Key</include>
    </include>
    <include name="BackSpace">
        <width>252</width>
        <height>90</height>
        <texturefocus border="81,20,20,20">dialogs/keyboard/backspacefocus.png</texturefocus>
        <texturenofocus border="81,20,20,20">dialogs/keyboard/backspacenofocus.png</texturenofocus>
    </include>
    <include name="ShiftKey">
        <width>199</width>
        <height>90</height>
        <texturefocus>dialogs/keyboard/shiftfocus.png</texturefocus>
        <texturenofocus>dialogs/keyboard/shiftnofocus.png</texturenofocus>
    </include>
    <include name="CapsKey">
        <width>199</width>
        <height>90</height>
        <texturefocus>dialogs/keyboard/capsfocus.png</texturefocus>
        <texturenofocus>dialogs/keyboard/capsnofocus.png</texturenofocus>
    </include>
    <include name="MediumKeyLarr">
        <width>90</width>
        <height>90</height>
        <texturefocus>dialogs/keyboard/mediumkeylarrfocus.png</texturefocus>
        <texturenofocus>dialogs/keyboard/mediumkeylarrnofocus.png</texturenofocus>
    </include>
    <include name="MediumKeyRarr">
        <width>90</width>
        <height>90</height>
        <texturefocus>dialogs/keyboard/mediumkeyrarrfocus.png</texturefocus>
        <texturenofocus>dialogs/keyboard/mediumkeyrarrnofocus.png</texturenofocus>
    </include>
    <include name="DoubleKeyDone">
        <width>251</width>
        <height>90</height>
        <align>center</align>
        <font>Font-Condensed-S32</font>
        <texturefocus border="20">dialogs/keyboard/donefocus.png</texturefocus>
        <texturenofocus border="20">dialogs/keyboard/donenofocus.png</texturenofocus>
        <textcolor>eewhite</textcolor>
        <focusedcolor>eewhite</focusedcolor>
        <selectedcolor>red</selectedcolor>
    </include>
    <include name="DoubleKeyCancel">
        <width>171</width>
        <height>90</height>
        <aligny>top</aligny>
        <textoffsety>23</textoffsety>
        <font>Font-Condensed-S32</font>
        <texturefocus border="20">dialogs/keyboard/cancelfocus.png</texturefocus>
        <texturenofocus border="20">dialogs/keyboard/key-nf.png</texturenofocus>
        <textcolor>KeyboardGrey</textcolor>
        <focusedcolor>eewhite</focusedcolor>
        <selectedcolor>red</selectedcolor>
    </include>
</includes>
