<?xml version="1.0" encoding="UTF-8"?>
<includes>

    <!-- Variables -->
    <variable name="MusicHeaderIcon">
        <value condition="Window.IsVisible(musicplaylist)">DefaultMusicPlaylists.png</value>
        <value condition="String.StartsWith(Container.FolderPath,musicdb://genres/)">DefaultMusicGenres.png</value>
        <value condition="String.StartsWith(Container.FolderPath,musicdb://artists/)">DefaultMusicArtists.png</value>
        <value condition="String.StartsWith(Container.FolderPath,musicdb://albums/)">DefaultMusicAlbums.png</value>
        <value condition="String.StartsWith(Container.FolderPath,musicdb://songs/)">DefaultMusicSongs.png</value>
        <value condition="String.StartsWith(Container.FolderPath,musicdb://top100/)">DefaultMusicTop100.png</value>
        <value condition="String.StartsWith(Container.FolderPath,musicdb://recentlyaddedalbums/)">DefaultMusicRecentlyAdded.png</value>
        <value condition="String.StartsWith(Container.FolderPath,musicdb://recentlyplayedalbums/)">DefaultMusicRecentlyPlayed.png</value>
        <value condition="String.StartsWith(Container.FolderPath,musicdb://compilations/)">DefaultMusicCompilations.png</value>
        <value condition="String.StartsWith(Container.FolderPath,musicdb://years/)">DefaultMusicYears.png</value>
        <value condition="String.IsEqual(Container.FolderPath,special://musicplaylists/) | String.StartsWith(Container.FolderPath,special://profile/playlists/music/)">DefaultPlaylist.png</value>
        <value>DefaultAudio.png</value>
    </variable>

    <variable name="MusicHeaderLabel">
        <value condition="Window.IsVisible(music)">$LOCALIZE[744]</value>
        <value condition="Window.IsVisible(musicplaylist)">$LOCALIZE[20011]</value>
        <value condition="String.StartsWith(Container.FolderPath,musicdb://top100/songs/)">$LOCALIZE[10504]</value>
        <value condition="String.StartsWith(Container.FolderPath,musicdb://top100/albums/)">$LOCALIZE[10505]</value>
        <value condition="String.StartsWith(Container.FolderPath,musicdb://genres/)">$LOCALIZE[135]</value>
        <value condition="String.StartsWith(Container.FolderPath,musicdb://artists/)">$LOCALIZE[133]</value>
        <value condition="String.StartsWith(Container.FolderPath,musicdb://albums/)">$LOCALIZE[132]</value>
        <value condition="String.StartsWith(Container.FolderPath,musicdb://songs/)">$LOCALIZE[134]</value>
        <value condition="String.StartsWith(Container.FolderPath,musicdb://top100/) + !String.StartsWith(Container.FolderPath,musicdb://top100/songs/) + !String.StartsWith(Container.FolderPath,musicdb://top100/albums/)">$LOCALIZE[271]</value>
        <value condition="String.StartsWith(Container.FolderPath,musicdb://recentlyaddedalbums/)">$LOCALIZE[359]</value>
        <value condition="String.StartsWith(Container.FolderPath,musicdb://recentlyplayedalbums/)">$LOCALIZE[517]</value>
        <value condition="String.StartsWith(Container.FolderPath,musicdb://compilations/)">$LOCALIZE[521]</value>
        <value condition="String.StartsWith(Container.FolderPath,musicdb://years/)">$LOCALIZE[652]</value>
        <value condition="String.IsEqual(Container.FolderPath,special://musicplaylists/) | String.StartsWith(Container.FolderPath,special://profile/playlists/music/)">$LOCALIZE[136]</value>
        <value condition="String.IsEqual(Container.FolderPath,addons://sources/audio/) | String.StartsWith(Container.FolderPath,plugin://plugin)">$LOCALIZE[1038]</value>
        <value>$LOCALIZE[2]</value>
    </variable>

    <variable name="BannerCoverHeaderImageSongs">
        <value condition="Window.IsVisible(musicplaylist)">DefaultMusicPlaylists.png</value>
        <value>DefaultMusicSongs.png</value>
    </variable>

    <variable name="VideoHeaderIcon">
        <value condition="String.StartsWith(Container.FolderPath,library://video/movies/) | String.StartsWith(Container.FolderPath,videodb://movies/)">DefaultMovies.png</value>
        <value condition="String.StartsWith(Container.FolderPath,library://video/tvshows/) | String.StartsWith(Container.FolderPath,videodb://tvshows/)">DefaultTVShows.png</value>
        <value condition="String.StartsWith(Container.FolderPath,library://video/inprogressshows.xml/)">DefaultInProgressShows.png</value>
        <value condition="String.StartsWith(Container.FolderPath,library://video/recentlyaddedmovies.xml/) | String.IsEqual(Container.FolderPath,videodb://recentlyaddedmovies/)">DefaultRecentlyAddedMovies.png</value>
        <value condition="String.StartsWith(Container.FolderPath,library://video/recentlyaddedepisodes.xml/) | String.IsEqual(Container.FolderPath,videodb://recentlyaddedepisodes/)">DefaultRecentlyAddedEpisodes.png</value>
        <value condition="String.StartsWith(Container.FolderPath,special://videoplaylists/) | String.StartsWith(Container.FolderPath,special://profile/playlists/video/)">DefaultPlaylist.png</value>
        <value condition="String.StartsWith(Container.FolderPath,addons://sources/video/) | String.StartsWith(Container.FolderPath,plugin://plugin.video)">DefaultAddonVideo.png</value>
        <value condition="String.StartsWith(Container.FolderPath,videodb://recentlyaddedmusicvideos/)">DefaultRecentlyAddedMusicVideos.png</value>
        <value>DefaultFolder.png</value>
    </variable>

    <variable name="VideoHeaderLabel">
        <value condition="String.StartsWith(Container.FolderPath,library://video/movies/) | String.StartsWith(Container.FolderPath,videodb://movies/)">$LOCALIZE[342]</value>
        <value condition="String.StartsWith(Container.FolderPath,library://video/tvshows/) | String.StartsWith(Container.FolderPath,videodb://tvshows/)">$LOCALIZE[31446]</value>
        <value condition="String.StartsWith(Container.FolderPath,library://video/inprogressshows.xml/)">$LOCALIZE[626]</value>
        <value condition="String.StartsWith(Container.FolderPath,library://video/recentlyaddedmovies.xml/) | String.IsEqual(Container.FolderPath,videodb://recentlyaddedmovies/)">$LOCALIZE[342]</value>
        <value condition="String.StartsWith(Container.FolderPath,library://video/recentlyaddedepisodes.xml/) | String.IsEqual(Container.FolderPath,videodb://recentlyaddedepisodes/)">$LOCALIZE[20387]</value>
        <value condition="String.StartsWith(Container.FolderPath,special://videoplaylists/) | String.StartsWith(Container.FolderPath,special://profile/playlists/video/)">$LOCALIZE[20012]</value>
        <value condition="String.StartsWith(Container.FolderPath,addons://sources/video/) | String.StartsWith(Container.FolderPath,plugin://plugin.video)">$LOCALIZE[1037]</value>
        <value condition="!String.IsEmpty(Container.FolderPath)">$LOCALIZE[1214]</value>
        <value>$LOCALIZE[3]</value>
    </variable>

    <variable name="AddonHeaderIcon">
        <value condition="String.EndsWith(Container.FolderPath,albums)">DefaultAddonAlbumInfo.png</value>
        <value condition="String.EndsWith(Container.FolderPath,artists)">DefaultAddonArtistInfo.png</value>
        <value condition="String.EndsWith(Container.FolderPath,lyrics)">DefaultAddonLyrics.png</value>
        <value condition="String.EndsWith(Container.FolderPath,movies)">DefaultAddonMovieInfo.png</value>
        <value condition="String.EndsWith(Container.FolderPath,audio)">DefaultAddonMusic.png</value>
        <value condition="String.EndsWith(Container.FolderPath,musicvideos)">DefaultAddonMusicVideoInfo.png</value>
        <value condition="String.EndsWith(Container.FolderPath,image)">DefaultAddonPicture.png</value>
        <value condition="String.EndsWith(Container.FolderPath,executable)">DefaultAddonProgram.png</value>
        <value condition="String.EndsWith(Container.FolderPath,language)">DefaultAddonLanguage.png</value>
        <value condition="String.EndsWith(Container.FolderPath,uisounds)">DefaultAddonUISounds.png</value>
        <value condition="String.EndsWith(Container.FolderPath,infoproviders)">DefaultAddonInfoProvider.png</value>
        <value condition="String.EndsWith(Container.FolderPath,repository)">DefaultAddonRepository.png</value>
        <value condition="String.EndsWith(Container.FolderPath,audiodecoder)">DefaultAddonAudioDecoder.png</value>
        <value condition="String.EndsWith(Container.FolderPath,images)">DefaultAddonImages.png</value>
        <value condition="String.EndsWith(Container.FolderPath,audioencoder)">DefaultAddonAudioEncoder.png</value>
        <value condition="String.EndsWith(Container.FolderPath,item)">DefaultAddonContextItem.png</value>
        <value condition="String.EndsWith(Container.FolderPath,pvrclient)">DefaultAddonPVRClient.png</value>
        <value condition="String.EndsWith(Container.FolderPath,screensaver)">DefaultAddonScreensaver.png</value>
        <value condition="String.EndsWith(Container.FolderPath,service)">DefaultAddonService.png</value>
        <value condition="String.EndsWith(Container.FolderPath,skin)">DefaultAddonSkin.png</value>
        <value condition="String.EndsWith(Container.FolderPath,lookandfeel)">DefaultAddonSkin.png</value>
        <value condition="String.EndsWith(Container.FolderPath,subtitles)">DefaultAddonSubtitles.png</value>
        <value condition="String.EndsWith(Container.FolderPath,tvshows)">DefaultAddonTvInfo.png</value>
        <value condition="String.EndsWith(Container.FolderPath,video)">DefaultAddonVideo.png</value>
        <value condition="String.EndsWith(Container.FolderPath,musicviz)">DefaultAddonVisualization.png</value>
        <value condition="String.EndsWith(Container.FolderPath,weather)">DefaultAddonWeather.png</value>
        <value condition="String.EndsWith(Container.FolderPath,webinterface)">DefaultAddonWebSkin.png</value>
        <value>DefaultAddon.png</value>
    </variable>

    <variable name="AddonHeaderLabel">
        <value condition="String.StartsWith(Container.FolderPath,addons://disabled)">$LOCALIZE[24039]</value>
        <value condition="String.StartsWith(Container.FolderPath,addons://enabled)">$LOCALIZE[24062]</value>
        <value condition="String.StartsWith(Container.FolderPath,addons://repos)">$LOCALIZE[24033]</value>
        <value>$LOCALIZE[24001]</value>
    </variable>

    <variable name="PVRHeaderIcon">
        <value condition="Control.IsVisible(12)">DefaultAddonLyrics.png</value>
        <value condition="Control.IsVisible(10) | Control.IsVisible(15) | Control.IsVisible(16)">DefaultEPG.png</value>
        <value condition="Control.IsVisible(13)">DefaultHardDisk.png</value>
        <value condition="Control.IsVisible(14)">DefaultTimers.png</value>
        <value condition="Control.IsVisible(17)">DefaultMusicSearch.png</value>
        <value>DefaultTVShows.png</value>
    </variable>

    <variable name="SettingsIcon">
        <value condition="Window.IsActive(systeminfo)">DefaultSystemInfo.png</value>
        <value condition="Window.IsActive(systemsettings)">DefaultSettings.png</value>
        <value condition="Window.IsActive(pvrsettings)">DefaultTVShows.png</value>
        <value condition="Window.IsActive(gamesettings)">DefaultAddonGame.png</value>
        <value condition="Window.IsActive(addonbrowser)">DefaultAddon.png</value>
        <value condition="Window.IsActive(mediasettings)">DefaultAddonMusic.png</value>
        <value condition="Window.IsActive(profiles)">DefaultActor.png</value>
        <value condition="Window.IsActive(playersettings)">DefaultMovies.png</value>
        <value condition="Window.IsActive(settings) | Window.IsActive(servicesettings)">DefaultAddonService.png</value>
        <value>DefaultAddonProgram.png</value>
    </variable>

    <variable name="SettingsHeaderLabel">
        <value condition="Container(801).HasFocus(10) | Window.IsActive(systeminfo)">$LOCALIZE[130]</value>
        <value condition="Container(801).HasFocus(5) | Window.IsActive(gamesettings)">$LOCALIZE[15016]</value>
        <value condition="Container(801).HasFocus(9) | Window.IsActive(systemsettings)">$LOCALIZE[13000]</value>
        <value condition="Container(801).HasFocus(4) | Window.IsActive(pvrsettings)">$LOCALIZE[19020]</value>
        <value condition="Container(801).HasFocus(8) | Window.IsActive(addonbrowser)">$LOCALIZE[24001]</value>
        <value condition="Container(801).HasFocus(3) | Window.IsActive(mediasettings)">$LOCALIZE[14211]</value>
        <value condition="Container(801).HasFocus(7) | Window.IsActive(profiles)">$LOCALIZE[13200]</value>
        <value condition="Container(801).HasFocus(2) | Window.IsActive(playersettings)">$LOCALIZE[14200]</value>
        <value condition="Container(801).HasFocus(6) | Window.IsActive(servicesettings)">$LOCALIZE[14036]</value>
        <value>$LOCALIZE[14206]</value>
    </variable>

    <variable name="SettingsHeaderSubLabel">
        <value condition="Container(801).HasFocus(10) | Window.IsActive(systeminfo)">$LOCALIZE[154] [COLOR=44FFFFFF]/[/COLOR] $LOCALIZE[705] [COLOR=44FFFFFF]/[/COLOR] $LOCALIZE[157] [COLOR=44FFFFFF]/[/COLOR] $LOCALIZE[13281]</value>
        <value condition="Container(801).HasFocus(5) | Window.IsActive(systemsettings)">$LOCALIZE[291]/$LOCALIZE[337] [COLOR=44FFFFFF]/[/COLOR] $LOCALIZE[14094] [COLOR=44FFFFFF]/[/COLOR] $LOCALIZE[798] [COLOR=44FFFFFF]/[/COLOR] $LOCALIZE[14095] [COLOR=44FFFFFF]/[/COLOR] $LOCALIZE[19191]</value>
        <value condition="Container(801).HasFocus(9) | Window.IsActive(gamesettings)">$LOCALIZE[35201] [COLOR=44FFFFFF]/[/COLOR] $LOCALIZE[35151]</value>
        <value condition="Container(801).HasFocus(4) | Window.IsActive(pvrsettings)">$LOCALIZE[19181] [COLOR=44FFFFFF]/[/COLOR] $LOCALIZE[19222] [COLOR=44FFFFFF]/[/COLOR] $LOCALIZE[14086] [COLOR=44FFFFFF]/[/COLOR] $LOCALIZE[19043]</value>
        <value condition="Container(801).HasFocus(8) | Window.IsActive(addonbrowser)">$LOCALIZE[1024] [COLOR=44FFFFFF]/[/COLOR] $LOCALIZE[24038] [COLOR=44FFFFFF]/[/COLOR] $LOCALIZE[24020]</value>
        <value condition="Container(801).HasFocus(3) | Window.IsActive(mediasettings)">$LOCALIZE[14022] [COLOR=44FFFFFF]/[/COLOR] $LOCALIZE[14086] [COLOR=44FFFFFF]/[/COLOR] $LOCALIZE[15200] [COLOR=44FFFFFF]/[/COLOR] $LOCALIZE[620] [COLOR=44FFFFFF]/[/COLOR] $LOCALIZE[13327]</value>
        <value condition="Container(801).HasFocus(7) | Window.IsActive(profiles)">$LOCALIZE[20067] [COLOR=44FFFFFF]/[/COLOR] $LOCALIZE[20096]</value>
        <value condition="Container(801).HasFocus(2) | Window.IsActive(playersettings)">$LOCALIZE[14022] [COLOR=44FFFFFF]/[/COLOR] $LOCALIZE[14086] [COLOR=44FFFFFF]/[/COLOR] $LOCALIZE[24012] [COLOR=44FFFFFF]/[/COLOR] $LOCALIZE[14087]</value>
        <value condition="Container(801).HasFocus(6) | Window.IsActive(servicesettings)">$LOCALIZE[20187] [COLOR=44FFFFFF]/[/COLOR] $LOCALIZE[33101] [COLOR=44FFFFFF]/[/COLOR] $LOCALIZE[790] [COLOR=44FFFFFF]/[/COLOR] $LOCALIZE[1259] [COLOR=44FFFFFF]/[/COLOR] $LOCALIZE[1273] [COLOR=44FFFFFF]/[/COLOR] $LOCALIZE[1200]</value>
        <value>$LOCALIZE[31111] [COLOR=44FFFFFF]/[/COLOR] $LOCALIZE[14090] [COLOR=44FFFFFF]/[/COLOR] $LOCALIZE[14081] [COLOR=44FFFFFF]/[/COLOR] $LOCALIZE[360]</value>
    </variable>

    <variable name="FileManagerSortLetterLabel">
        <value condition="Control.HasFocus(21)">$INFO[Container(21).ListItem.SortLetter]</value>
        <value>$INFO[Container(20).ListItem.SortLetter]</value>
    </variable>

    <include name="PVRSubLabel">
        <width min="0" max="400">auto</width>
        <height>120</height>
        <font>Font-Condensed-S28</font>
        <textcolor>eewhite</textcolor>
        <scroll>false</scroll>
        <align>left</align>
    </include>

    <include name="ViewHeaderItemPageInfo">
        <control type="grouplist">
            <posx>110</posx>
            <posy>32</posy>
            <orientation>horizontal</orientation>
            <itemgap>0</itemgap>
            <control type="label">
                <width min="50" max="600">auto</width>
                <height>120</height>
                <label>0 $LOCALIZE[31817] $INFO[Control.GetLabel(3), [COLOR=44FFFFFF]•[/COLOR] ]</label>
                <font>Font-Condensed-S28</font>
                <textcolor>80FFFFFF</textcolor>
                <scroll>false</scroll>
                <align>left</align>
                <visible>String.IsEmpty(Container.NumItems) + !Window.IsVisible(script-videoextras-main.xml)</visible>
            </control>
            <control type="label">
                <width min="50" max="600">auto</width>
                <height>120</height>
                <label>$INFO[Container.NumItems,, $LOCALIZE[31822]] $INFO[Control.GetLabel(3), [COLOR=44FFFFFF]•[/COLOR] ]</label>
                <font>Font-Condensed-S28</font>
                <textcolor>80FFFFFF</textcolor>
                <scroll>false</scroll>
                <align>left</align>
                <visible>Integer.IsEqual(Container.NumItems,1) + !Window.IsVisible(script-videoextras-main.xml)</visible>
            </control>
            <control type="label">
                <width min="50" max="600">auto</width>
                <height>120</height>
                <label>$INFO[Container.NumItems,, $LOCALIZE[31817]]$INFO[Control.GetLabel(3), [COLOR=44FFFFFF]•[/COLOR] ]</label>
                <font>Font-Condensed-S28</font>
                <textcolor>80FFFFFF</textcolor>
                <scroll>false</scroll>
                <align>left</align>
                <visible>[Integer.IsEqual(Container.NumItems,0) | Integer.IsGreater(Container.NumItems,1)] + !Window.IsVisible(script-videoextras-main.xml)</visible>
            </control>
            <control type="label">
                <width min="50" max="400">auto</width>
                <height>120</height>
                <label>$INFO[Container.CurrentPage, [COLOR=44FFFFFF]•[/COLOR] $LOCALIZE[31819] ,]$INFO[Container.NumPages,/,]</label>
                <font>Font-Condensed-S28</font>
                <textcolor>80FFFFFF</textcolor>
                <scroll>false</scroll>
                <align>left</align>
                <visible>![Container.Content(files) | Container.Content(songs) | Container.Content(artists) | Container.Content(albums) | Container.Content(movies) | Container.Content(tvshows) | Container.Content(seasons) | Container.Content(episodes) | Container.Content(musicvideos) | Container.Content(sets)] + Integer.IsGreater(Container.NumPages,1) + !Window.IsVisible(script-videoextras-main.xml)</visible>
            </control>
            <control type="label">
                <width min="50" max="400">auto</width>
                <height>120</height>
                <label>$INFO[Container.CurrentPage, [COLOR=44FFFFFF]•[/COLOR] $LOCALIZE[31819] ,]$INFO[Container.NumPages,/,]</label>
                <font>Font-Condensed-S28</font>
                <textcolor>80FFFFFF</textcolor>
                <scroll>false</scroll>
                <align>left</align>
                <visible>[Container.Content(files) | Container.Content(songs) | Container.Content(artists) | Container.Content(albums) | Container.Content(movies) | Container.Content(tvshows) | Container.Content(seasons) | Container.Content(episodes) | Container.Content(musicvideos) | Container.Content(sets)] + Integer.IsGreater(Container.NumPages,1) + !String.IsEmpty(Container.NumItems) + !Window.IsVisible(home) + !Window.IsVisible(script-videoextras-main.xml)</visible>
            </control>
            <control type="label">
                <width min="50" max="400">auto</width>
                <height>120</height>
                <label>$INFO[Container.NumItems,, $LOCALIZE[31817]]</label>
                <font>Font-Condensed-S28</font>
                <textcolor>80FFFFFF</textcolor>
                <scroll>false</scroll>
                <align>left</align>
                <visible>Window.IsVisible(script-videoextras-main.xml)</visible>
            </control>
        </control>
    </include>

    <include name="ViewHeaderSortLetter">
        <control type="group">
            <posx>17</posx>
            <posy>32</posy>
            <visible>Container.Scrolling</visible>
            <animation type="Visible">
                <effect type="fade" start="0" end="100" time="300" tween="sine" easing="in" />
                <effect type="slide" start="0,-75" end="0,0" time="350" tween="sine" easing="out" />
            </animation>
            <animation type="Hidden">
                <effect type="fade" start="100" end="0" time="250" tween="sine" easing="out" delay="2000" />
                <effect type="slide" start="0,0" end="0,-75" time="300" tween="sine" easing="out" delay="2000" />
            </animation>
            <control type="image">
                <posx>0</posx>
                <posy>0</posy>
                <width>85</width>
                <height>85</height>
                <texture>DefaultSortLetter.png</texture>
            </control>
            <control type="label">
                <posx>0</posx>
                <posy>1</posy>
                <width>85</width>
                <height>85</height>
                <align>center</align>
                <font>Font-Condensed-S52-B</font>
                <label>$INFO[ListItem.SortLetter]</label>
                <textcolor>C0000000</textcolor>
                <shadowcolor>white</shadowcolor>
            </control>
        </control>
    </include>

    <include name="ViewHeaderIconVars">
        <posx>17</posx>
        <posy>32</posy>
        <width>85</width>
        <height>85</height>
        <visible>!Container.Scrolling</visible>
        <animation type="Hidden">
            <effect type="fade" start="100" end="8" tween="sine" easing="out" time="300" />
            <effect type="zoom" start="100" end="50" center="60,75" tween="sine" easing="inout" time="300" />
        </animation>
        <animation type="Visible">
            <effect type="fade" start="8" end="100" tween="sine" easing="out" time="300" delay="2000" />
            <effect type="zoom" start="50" end="100" center="60,75" tween="sine" easing="inout" time="300" delay="2000" />
        </animation>
    </include>

    <include name="VideoHeader">
        <control type="group">
            <posx>75</posx>
            <posy>26</posy>
           <visible>!Window.IsActive(movieinformation) + !Window.IsActive(script-script.extendedinfo-DialogInfo.xml) + !Window.IsActive(script-script.extendedinfo-DialogVideoInfo.xml) + !Window.IsActive(1122) + !Window.IsActive(addoninformation) + !Window.IsActive(favouritesbrowser)</visible>
            <include>BannerListInfoAnimation</include>
            <control type="group">
                <control type="image">
                    <include>ViewHeaderIconVars</include>
                    <texture>$VAR[VideoHeaderIcon]</texture>
                </control>
                <include>ViewHeaderSortLetter</include>
                <control type="grouplist">
                    <posx>110</posx>
                    <posy>0</posy>
                    <orientation>horizontal</orientation>
                    <itemgap>0</itemgap>
                    <control type="label">
                        <width min="0" max="500">auto</width>
                        <height>120</height>
                        <label>$VAR[VideoHeaderLabel]</label>
                        <font>Font-Condensed-S36-B</font>
                        <textcolor>C0FFFFFF</textcolor>
                        <scroll>false</scroll>
                        <align>left</align>
                    </control>
                    <control type="label">
                        <width min="0" max="500">auto</width>
                        <height>120</height>
                        <label>$INFO[Container.FolderName,: ,]</label>
                        <font>Font-Condensed-S36-B</font>
                        <textcolor>aawhite</textcolor>
                        <scroll>false</scroll>
                        <align>left</align>
                        <visible>!String.StartsWith(Container.FolderPath,special) + !String.StartsWith(Container.FolderPath,addons) + !String.StartsWith(Container.FolderPath,sources) + !Container.Content(episodes) + !String.IsEqual(Container.FolderPath,videodb://movies/)</visible>
                    </control>
                    <control type="label">
                        <width min="0" max="500">auto</width>
                        <height>120</height>
                        <label>$INFO[Container.ListItem.TVShowTitle,: ,]$INFO[Container.ListItem.Season, (,)]</label>
                        <font>Font-Condensed-S36-B</font>
                        <textcolor>aawhite</textcolor>
                        <scroll>false</scroll>
                        <align>left</align>
                        <visible>Container.Content(episodes)</visible>
                    </control>
                </control>
            </control>
            <include>ViewHeaderItemPageInfo</include>
        </control>
    </include>

    <include name="VideoExtrasHeader">
        <control type="group">
            <posx>75</posx>
            <posy>26</posy>
            <visible>!Window.IsActive(movieinformation) + !Window.IsActive(script-script.extendedinfo-DialogInfo.xml) + !Window.IsActive(script-script.extendedinfo-DialogVideoInfo.xml) + !Window.IsActive(addoninformation) + !Window.IsActive(favouritesbrowser)</visible>            <include>BannerListInfoAnimation</include>
            <control type="group">
                <control type="image">
                    <include>ViewHeaderIconVars</include>
                    <texture>$VAR[VideoHeaderIcon]</texture>
                </control>
                <control type="grouplist">
                    <posx>110</posx>
                    <posy>0</posy>
                    <orientation>horizontal</orientation>
                    <itemgap>0</itemgap>
                    <control type="label" id="321">
                        <width min="0" max="500">auto</width>
                        <height>120</height>
                        <label>$ADDON[script.videoextras 32001]: $INFO[ListItem.Title]</label>
                        <font>Font-Condensed-S36-B</font>
                        <textcolor>C0FFFFFF</textcolor>
                        <scroll>false</scroll>
                        <align>left</align>
                        <visible>!String.IsEmpty(ListItem.Title)</visible>
                    </control>
                </control>
            </control>
            <include>ViewHeaderItemPageInfo</include>
        </control>
    </include>

    <include name="MusicHeader">
        <control type="group">
            <posx>75</posx>
            <posy>26</posy>
            <visible>!Window.IsActive(musicinformation) + !Window.IsActive(addoninformation) + !Window.IsActive(favouritesbrowser)</visible>
            <include>BannerListInfoAnimation</include>
            <control type="image">
                <include>ViewHeaderIconVars</include>
                <texture>$VAR[MusicHeaderIcon]</texture>
            </control>
            <include>ViewHeaderSortLetter</include>
            <control type="grouplist">
                <posx>110</posx>
                <posy>0</posy>
                <itemgap>0</itemgap>
                <orientation>horizontal</orientation>
                <control type="label">
                    <width min="0" max="500">auto</width>
                    <height>120</height>
                    <label>$VAR[MusicHeaderLabel]</label>
                    <font>Font-Condensed-S36-B</font>
                    <textcolor>C0FFFFFF</textcolor>
                    <scroll>false</scroll>
                    <align>left</align>
                </control>
                <control type="label">
                    <width min="0" max="500">auto</width>
                    <height>120</height>
                    <label>$INFO[Container.FolderName,: ,]</label>
                    <font>Font-Condensed-S36-B</font>
                    <textcolor>aawhite</textcolor>
                    <scroll>false</scroll>
                    <align>left</align>
                    <visible>!String.IsEqual(Container.FolderPath,musicdb://genres/) + !String.IsEqual(Container.FolderPath,musicdb://artists/) + !String.IsEqual(Container.FolderPath,musicdb://albums/) + !String.IsEqual(Container.FolderPath,musicdb://songs/) + !String.IsEqual(Container.FolderPath,musicdb://top100/) + !String.IsEqual(Container.FolderPath,musicdb://recentlyaddedalbums/) + !String.IsEqual(Container.FolderPath,musicdb://recentlyplayedalbums/) + !String.IsEqual(Container.FolderPath,musicdb://compilations/) + !String.IsEqual(Container.FolderPath,musicdb://years/) + !String.IsEqual(Container.FolderPath,musicdb://top100/songs/) + !String.IsEqual(Container.FolderPath,special://musicplaylists/) + !Container.Content(albums)</visible>
                </control>
                <control type="label">
                    <width min="0" max="500">auto</width>
                    <height>120</height>
                    <label>$INFO[ListItem.Artist,: ,]</label>
                    <font>Font-Condensed-S36-B</font>
                    <textcolor>aawhite</textcolor>
                    <scroll>false</scroll>
                    <align>left</align>
                    <visible>Container.Content(albums)</visible>
                </control>
            </control>
            <include>ViewHeaderItemPageInfo</include>
        </control>
    </include>

    <include name="ProgramHeader">
        <control type="group">
            <posx>75</posx>
            <posy>26</posy>
            <visible>!Window.IsActive(addoninformation) + !Window.IsActive(1122) + !Window.IsActive(script-script.extendedinfo-DialogInfo.xml) + !Window.IsActive(script-script.extendedinfo-DialogVideoInfo.xml) + !Window.IsActive(favouritesbrowser)</visible>
            <include>BannerListInfoAnimation</include>
            <control type="group">
                <control type="image">
                    <include>ViewHeaderIconVars</include>
                    <texture>DefaultProgram.png</texture>
                </control>
                <include>ViewHeaderSortLetter</include>
                <control type="grouplist">
                    <posx>110</posx>
                    <posy>0</posy>
                    <orientation>horizontal</orientation>
                    <itemgap>0</itemgap>
                    <control type="label">
                        <width min="0" max="500">auto</width>
                        <height>120</height>
                        <label>$LOCALIZE[31504]</label>
                        <font>Font-Condensed-S36-B</font>
                        <textcolor>C0FFFFFF</textcolor>
                        <scroll>false</scroll>
                        <align>left</align>
                    </control>
                    <control type="label">
                        <width min="0" max="500">auto</width>
                        <height>120</height>
                        <label>$INFO[Container.FolderName,: ,]</label>
                        <font>Font-Condensed-S36-B</font>
                        <textcolor>aawhite</textcolor>
                        <scroll>false</scroll>
                        <align>left</align>
                        <visible>!String.IsEmpty(Container.FolderPath)</visible>
                    </control>
                </control>
            </control>
            <include>ViewHeaderItemPageInfo</include>
        </control>
    </include>

    <include name="GamesHeader">
        <control type="group">
            <posx>75</posx>
            <posy>26</posy>
            <visible>!Window.IsActive(addoninformation) + !Window.IsActive(1122) + !Window.IsActive(script-script.extendedinfo-DialogInfo.xml) + !Window.IsActive(script-script.extendedinfo-DialogVideoInfo.xml) + !Window.IsActive(favouritesbrowser)</visible>
            <include>BannerListInfoAnimation</include>
            <control type="group">
                <control type="image">
                    <include>ViewHeaderIconVars</include>
                    <texture>DefaultGames.png</texture>
                </control>
                <include>ViewHeaderSortLetter</include>
                <control type="grouplist">
                    <posx>110</posx>
                    <posy>0</posy>
                    <orientation>horizontal</orientation>
                    <itemgap>0</itemgap>
                    <control type="label">
                        <width min="0" max="500">auto</width>
                        <height>120</height>
                        <label>$LOCALIZE[10821]</label>
                        <font>Font-Condensed-S36-B</font>
                        <textcolor>C0FFFFFF</textcolor>
                        <scroll>false</scroll>
                        <align>left</align>
                    </control>
                    <control type="label">
                        <width min="0" max="500">auto</width>
                        <height>120</height>
                        <label>$INFO[Container.FolderName,: ,]</label>
                        <font>Font-Condensed-S36-B</font>
                        <textcolor>aawhite</textcolor>
                        <scroll>false</scroll>
                        <align>left</align>
                        <visible>!String.IsEmpty(Container.FolderPath)</visible>
                    </control>
                </control>
            </control>
            <include>ViewHeaderItemPageInfo</include>
        </control>
    </include>

    <include name="PictureHeader">
        <control type="group">
            <posx>75</posx>
            <posy>26</posy>
            <visible>!Window.IsActive(addoninformation) + !Window.IsActive(favouritesbrowser)</visible>
            <include>BannerListInfoAnimation</include>
            <control type="group">
                <control type="image">
                    <include>ViewHeaderIconVars</include>
                    <texture>DefaultPicture.png</texture>
                </control>
                <include>ViewHeaderSortLetter</include>
                <control type="grouplist">
                    <posx>110</posx>
                    <posy>0</posy>
                    <orientation>horizontal</orientation>
                    <itemgap>0</itemgap>
                    <control type="label">
                        <width min="0" max="5000">auto</width>
                        <height>120</height>
                        <label>$LOCALIZE[1]</label>
                        <font>Font-Condensed-S36-B</font>
                        <textcolor>C0FFFFFF</textcolor>
                        <scroll>false</scroll>
                        <align>left</align>
                    </control>
                    <control type="label">
                        <width min="0" max="500">auto</width>
                        <height>120</height>
                        <label>$INFO[Container.FolderName,: ,]</label>
                        <font>Font-Condensed-S36-B</font>
                        <textcolor>aawhite</textcolor>
                        <scroll>false</scroll>
                        <align>left</align>
                        <visible>!String.IsEmpty(Container.FolderPath)</visible>
                    </control>
                </control>
            </control>
            <include>ViewHeaderItemPageInfo</include>
        </control>
    </include>

    <include name="AddonHeader">
        <control type="group">
            <posx>75</posx>
            <posy>26</posy>
            <visible>!Window.IsActive(addoninformation) + !Window.IsActive(favouritesbrowser)</visible>
            <include>BannerListInfoAnimation</include>
            <control type="group">
                <control type="image">
                    <include>ViewHeaderIconVars</include>
                    <texture>$VAR[AddonHeaderIcon]</texture>
                </control>
                <include>ViewHeaderSortLetter</include>
                <control type="grouplist">
                    <posx>110</posx>
                    <posy>0</posy>
                    <orientation>horizontal</orientation>
                    <itemgap>0</itemgap>
                    <control type="label">
                        <width min="0" max="5000">auto</width>
                        <height>120</height>
                        <label>$VAR[AddonHeaderLabel]</label>
                        <font>Font-Condensed-S36-B</font>
                        <textcolor>C0FFFFFF</textcolor>
                        <scroll>false</scroll>
                        <align>left</align>
                    </control>
                    <control type="label">
                        <width min="0" max="500">auto</width>
                        <height>120</height>
                        <label>$INFO[Container.FolderName,: ,]</label>
                        <font>Font-Condensed-S36-B</font>
                        <textcolor>aawhite</textcolor>
                        <scroll>false</scroll>
                        <align>left</align>
                        <visible>!String.IsEmpty(Container.FolderPath) + !String.IsEqual(Container.FolderPath,addons://disabled/) + !String.IsEqual(Container.FolderPath,addons://enabled/) + !String.IsEqual(Container.FolderPath,addons://repos/)</visible>
                    </control>
                </control>
            </control>
            <include>ViewHeaderItemPageInfo</include>
        </control>
    </include>

    <include name="FileManagerHeader">
        <control type="group">
            <posx>75</posx>
            <posy>26</posy>
            <visible>!Window.IsActive(addoninformation) + !Window.IsActive(favouritesbrowser)</visible>
            <include>BannerListInfoAnimation</include>
            <control type="group">
                <control type="image">
                    <posx>17</posx>
                    <posy>32</posy>
                    <width>85</width>
                    <height>85</height>
                    <texture>DefaultFile.png</texture>
                    <visible>!Container(20).Scrolling + !Container(21).Scrolling</visible>
                    <animation type="Hidden">
                        <effect type="fade" start="100" end="8" tween="sine" easing="out" time="300" />
                        <effect type="zoom" start="100" end="50" center="60,75" tween="sine" easing="inout" time="300" />
                    </animation>
                    <animation type="Visible">
                        <effect type="fade" start="8" end="100" tween="sine" easing="out" time="300" delay="2000" />
                        <effect type="zoom" start="50" end="100" center="60,75" tween="sine" easing="inout" time="300" delay="2000" />
                    </animation>
                </control>
                <control type="group">
                    <posx>17</posx>
                    <posy>32</posy>
                    <visible>Container(20).Scrolling | Container(21).Scrolling</visible>
                    <animation type="Visible">
                        <effect type="fade" start="0" end="100" time="300" tween="sine" easing="in" />
                        <effect type="slide" start="0,-75" end="0,0" time="350" tween="sine" easing="out" />
                    </animation>
                    <animation type="Hidden">
                        <effect type="fade" start="100" end="0" time="250" tween="sine" easing="out" delay="2000" />
                        <effect type="slide" start="0,0" end="0,-75" time="300" tween="sine" easing="out" delay="2000" />
                    </animation>
                    <control type="image">
                        <posx>0</posx>
                        <posy>0</posy>
                        <width>85</width>
                        <height>85</height>
                        <texture>DefaultSortLetter.png</texture>
                    </control>
                    <control type="label">
                        <posx>0</posx>
                        <posy>1</posy>
                        <width>85</width>
                        <height>85</height>
                        <align>center</align>
                        <font>Font-Condensed-S52-B</font>
                        <label>$VAR[FileManagerSortLetterLabel]</label>
                        <textcolor>C0000000</textcolor>
                        <shadowcolor>white</shadowcolor>
                    </control>
                </control>
                <control type="label">
                    <posx>110</posx>
                    <posy>15</posy>
                    <width>500</width>
                    <height>120</height>
                    <label>$LOCALIZE[7]</label>
                    <font>Font-Condensed-S36-B</font>
                    <textcolor>C0FFFFFF</textcolor>
                    <scroll>false</scroll>
                    <align>left</align>
                </control>
            </control>
        </control>
    </include>

    <include name="PlaylistEditorHeader">
        <control type="group">
            <posx>75</posx>
            <posy>26</posy>
            <visible>!Window.IsActive(musicinformation) + !Window.IsActive(favouritesbrowser)</visible>
            <include>BannerListInfoAnimation</include>
            <control type="group">
                <control type="image">
                    <posx>17</posx>
                    <posy>32</posy>
                    <width>85</width>
                    <height>85</height>
                    <texture>DefaultPlaylist.png</texture>
                </control>
                <control type="label">
                    <posx>110</posx>
                    <posy>15</posy>
                    <width>500</width>
                    <height>120</height>
                    <label>$LOCALIZE[10503]</label>
                    <font>Font-Condensed-S36-B</font>
                    <textcolor>C0FFFFFF</textcolor>
                    <scroll>false</scroll>
                    <align>left</align>
                </control>
            </control>
        </control>
    </include>

    <include name="SettingsHeader">
        <control type="group">
            <posx>75</posx>
            <posy>26</posy>
            <visible>!Window.IsActive(favouritesbrowser)</visible>
            <include>BannerListInfoAnimation</include>
            <control type="group">
                <control type="image">
                    <posx>17</posx>
                    <posy>32</posy>
                    <width>85</width>
                    <height>85</height>
                    <texture>$VAR[SettingsIcon]</texture>
                </control>
                <control type="grouplist">
                    <posx>110</posx>
                    <posy>0</posy>
                    <orientation>horizontal</orientation>
                    <itemgap>0</itemgap>
                    <control type="label">
                        <width min="0" max="500">auto</width>
                        <height>120</height>
                        <label>$LOCALIZE[5]</label>
                        <font>Font-Condensed-S36-B</font>
                        <textcolor>C0FFFFFF</textcolor>
                        <scroll>false</scroll>
                        <align>left</align>
                    </control>
                    <control type="label">
                        <width min="0" max="500">auto</width>
                        <height>120</height>
                        <label>: $VAR[SettingsHeaderLabel]</label>
                        <font>Font-Condensed-S36-B</font>
                        <textcolor>aawhite</textcolor>
                        <scroll>false</scroll>
                        <align>left</align>
                    </control>
                </control>
            </control>
            <control type="label">
                <posx>110</posx>
                <posy>32</posy>
                <width>765</width>
                <height>120</height>
                <label>$VAR[SettingsHeaderSubLabel]</label>
                <font>Font-Condensed-S28</font>
                <textcolor>80FFFFFF</textcolor>
                <scroll>false</scroll>
                <align>left</align>
                <wrapmultiline>false</wrapmultiline>
            </control>
        </control>
    </include>

    <include name="EventLogHeader">
        <control type="group">
            <posx>75</posx>
            <posy>26</posy>
            <visible>!Window.IsActive(favouritesbrowser)</visible>
            <include>BannerListInfoAnimation</include>
            <control type="group">
                <control type="image">
                    <posx>17</posx>
                    <posy>32</posy>
                    <width>85</width>
                    <height>85</height>
                    <texture>DefaultSystemEvents.png</texture>
                </control>
                <control type="label">
                    <posx>110</posx>
                    <posy>15</posy>
                    <width>500</width>
                    <height>120</height>
                    <label>$LOCALIZE[14111]</label>
                    <font>Font-Condensed-S36-B</font>
                    <textcolor>C0FFFFFF</textcolor>
                    <scroll>false</scroll>
                    <align>left</align>
                </control>
            </control>
        </control>
    </include>

    <include name="PVRHeader">
        <control type="group">
            <posx>75</posx>
            <posy>26</posy>
            <visible>!Window.IsActive(DialogPVRInfo.xml) + !Window.IsActive(addoninformation) + !Window.IsActive(favouritesbrowser)</visible>
            <include>BannerListInfoAnimation</include>
            <control type="group">
                <control type="image">
                    <include>ViewHeaderIconVars</include>
                    <texture>$VAR[PVRHeaderIcon]</texture>
                </control>
                <include>ViewHeaderSortLetter</include>
                <control type="grouplist">
                    <posx>110</posx>
                    <posy>0</posy>
                    <orientation>horizontal</orientation>
                    <itemgap>0</itemgap>
                    <control type="label">
                        <width min="0" max="500">auto</width>
                        <height>120</height>
                        <label>$LOCALIZE[19020]: </label>
                        <font>Font-Condensed-S36-B</font>
                        <textcolor>C0FFFFFF</textcolor>
                        <scroll>false</scroll>
                        <align>left</align>
                        <visible>String.IsEmpty(Window.Property(IsRadio))</visible>
                    </control>
                    <control type="label">
                        <width min="0" max="500">auto</width>
                        <height>120</height>
                        <label>$LOCALIZE[19021]: </label>
                        <font>Font-Condensed-S36-B</font>
                        <textcolor>C0FFFFFF</textcolor>
                        <scroll>false</scroll>
                        <align>left</align>
                        <visible>!String.IsEmpty(Window.Property(IsRadio))</visible>
                    </control>
                    <control type="label">
                        <width min="0" max="500">auto</width>
                        <height>120</height>
                        <label>$LOCALIZE[19019]</label>
                        <font>Font-Condensed-S36-B</font>
                        <textcolor>B0FFFFFF</textcolor>
                        <scroll>false</scroll>
                        <align>left</align>
                        <visible>Window.IsActive(TVChannels) | Window.IsActive(RadioChannels)</visible>
                    </control>
                    <control type="label">
                        <width min="0" max="500">auto</width>
                        <height>120</height>
                        <label>$LOCALIZE[22020]</label>
                        <font>Font-Condensed-S36-B</font>
                        <textcolor>B0FFFFFF</textcolor>
                        <scroll>false</scroll>
                        <align>left</align>
                        <visible>Window.IsActive(TVGuide) | Window.IsActive(RadioGuide)</visible>
                    </control>
                    <control type="label">
                        <width min="0" max="500">auto</width>
                        <height>120</height>
                        <label>$LOCALIZE[19017]</label>
                        <font>Font-Condensed-S36-B</font>
                        <textcolor>B0FFFFFF</textcolor>
                        <scroll>false</scroll>
                        <align>left</align>
                        <visible>Window.IsActive(TVRecordings) | Window.IsActive(RadioRecordings)</visible>
                    </control>
                    <control type="label">
                        <width min="0" max="500">auto</width>
                        <height>120</height>
                        <label>$LOCALIZE[19040]</label>
                        <font>Font-Condensed-S36-B</font>
                        <textcolor>B0FFFFFF</textcolor>
                        <scroll>false</scroll>
                        <align>left</align>
                        <visible>Window.IsActive(TVTimers) | Window.IsActive(RadioTimers)</visible>
                    </control>
                    <control type="label">
                        <width min="0" max="500">auto</width>
                        <height>120</height>
                        <label>$LOCALIZE[19138]</label>
                        <font>Font-Condensed-S36-B</font>
                        <textcolor>B0FFFFFF</textcolor>
                        <scroll>false</scroll>
                        <align>left</align>
                        <visible>Window.IsActive(TVTimerRules) | Window.IsActive(RadioTimerRules)</visible>
                    </control>
                    <control type="label">
                        <width min="0" max="500">auto</width>
                        <height>120</height>
                        <label>$LOCALIZE[137]</label>
                        <font>Font-Condensed-S36-B</font>
                        <textcolor>B0FFFFFF</textcolor>
                        <scroll>false</scroll>
                        <align>left</align>
                        <visible>Window.IsActive(TVSearch) | Window.IsActive(RadioSearch)</visible>
                    </control>
                    <control type="label">
                        <width min="0" max="500">auto</width>
                        <height>120</height>
                        <label>$INFO[Control.GetLabel(29),: ,]</label>
                        <font>Font-Condensed-S36-B</font>
                        <textcolor>B0FFFFFF</textcolor>
                        <scroll>false</scroll>
                        <align>left</align>
                    </control>
                    <control type="label">
                        <width min="0" max="500">auto</width>
                        <height>120</height>
                        <label>$INFO[Control.GetLabel(30),: ,]</label>
                        <font>Font-Condensed-S36-B</font>
                        <textcolor>A0FFFFFF</textcolor>
                        <scroll>false</scroll>
                        <align>left</align>
                    </control>
                </control>
                <include>ViewHeaderItemPageInfo</include>
            </control>
        </control>
        <control type="label" id="29">
            <description>Empty so we can pass the values up one level</description>
            <visible>False</visible>
        </control>
        <control type="label" id="30">
            <description>Empty so we can pass the values up one level</description>
            <visible>False</visible>
        </control>
    </include>

    <include name="WeatherHeader">
        <control type="group">
            <posx>75</posx>
            <posy>26</posy>
            <visible>!Window.IsActive(favouritesbrowser)</visible>
            <include>BannerListInfoAnimation</include>
            <control type="group">
                <control type="image">
                    <posx>17</posx>
                    <posy>32</posy>
                    <width>85</width>
                    <height>85</height>
                    <texture>DefaultAddonWeather.png</texture>
                    <visible>Weather.IsFetched</visible>
                    <animation type="Hidden">
                        <effect type="fade" start="100" end="8" tween="sine" easing="out" time="300" />
                        <effect type="zoom" start="100" end="50" center="60,75" tween="sine" easing="inout" time="300" />
                    </animation>
                    <animation type="Visible">
                        <effect type="fade" start="8" end="100" tween="sine" easing="out" time="300" />
                        <effect type="zoom" start="50" end="100" center="60,75" tween="sine" easing="inout" time="300" />
                    </animation>
                </control>
                <control type="label">
                    <posx>110</posx>
                    <posy>25</posy>
                    <width>770</width>
                    <height>100</height>
                    <label>$LOCALIZE[31562]</label>
                    <font>Font-Condensed-S36-B</font>
                    <textcolor>C0FFFFFF</textcolor>
                    <scroll>false</scroll>
                    <align>left</align>
                    <visible>!Weather.IsFetched</visible>
                    <include>visiblehidefadeinfo</include>
                </control>
                <control type="group">
                    <visible>Weather.IsFetched</visible>
                    <include>visiblehidefadeinfo</include>
                    <control type="label">
                        <posx>110</posx>
                        <posy>0</posy>
                        <width>770</width>
                        <height>120</height>
                        <label fallback="31563">$INFO[Window.Property(Location)]</label>
                        <font>Font-Condensed-S36-B</font>
                        <textcolor>C0FFFFFF</textcolor>
                        <scroll>false</scroll>
                        <align>left</align>
                    </control>
                    <control type="label">
                        <posx>110</posx>
                        <posy>32</posy>
                        <width>770</width>
                        <height>120</height>
                        <label>$INFO[Window.Property(WeatherProvider)]</label>
                        <font>Font-Condensed-S28</font>
                        <textcolor>80FFFFFF</textcolor>
                        <scroll>false</scroll>
                        <align>left</align>
                    </control>
                </control>
            </control>
        </control>
        <control type="group" id="102">
            <posx>75</posx>
            <posy>26</posy>
            <include>BannerListInfoAnimation</include>
            <visible>!Weather.IsFetched</visible>
            <control type="image">
                <posx>10</posx>
                <posy>25</posy>
                <width>100</width>
                <height>100</height>
                <texture>dialogs/extendedprogress/loading-back-busy.png</texture>
            </control>
            <control type="image">
                <posx>10</posx>
                <posy>25</posy>
                <width>100</width>
                <height>100</height>
                <texture>dialogs/search/loading.png</texture>
                <animation effect="rotate" center="auto" start="360" end="0" time="1500" loop="true" condition="Control.IsVisible(102)">Conditional</animation>
            </control>
        </control>
    </include>
</includes>
