<?xml version="1.0" encoding="UTF-8"?>
<includes>

    <!-- ========== -->
    <!-- Dimensions -->
    <!-- ========== -->

    <include name="FullscreenDimensions">
        <posx>0</posx>
        <posy>0</posy>
        <width>1920</width>
        <height>1080</height>
        <aspectratio>stretch</aspectratio>
    </include>


    <!-- ================================================== -->
    <!-- Common Items: Shutdown, Options, Clock etc. -->
    <!-- ================================================== -->

    <include name="CommonOverlay">
        <control type="videowindow">
            <include>FullscreenDimensions</include>
            <visible>Skin.HasSetting(BackgroundVideo) + Player.HasVideo</visible>
        </control>
        <control type="image">
            <include>FullscreenDimensions</include>
            <texture fallback="special://skin/extras/fade/overlay.png">$INFO[Skin.String(GlobalOverlay)]</texture>
        </control>
    </include>

    <include name="CommonItemsHome">
        <include>CommonContent</include>
        <include>HomeCustomBackdrops</include>
        <include>CommonOverlay</include>
    </include>
    <include name="CommonItems">
        <include>CommonContent</include>
        <include>BackgroundFanart</include>
        <include>CommonOverlay</include>
    </include>
    <include name="CommonItemsMusicOSD">
        <include condition="Skin.HasSetting(OSDVisualisation.Enabled) + ![System.HasAddon(script.artistslideshow) + Skin.HasSetting(ArtistSlideShow.Enabled)]">OSDVisualisation</include>
        <include>BackgroundFanartMusicOSD</include>
    </include>
    <include name="CommonSettingsItems">
        <include>CommonContent</include>
        <include>CommonOverlay</include>
    </include>
    <include name="CommonPlaylistEditorItems">
        <include>CommonContent</include>
        <control type="image">
            <include>FullscreenDimensions</include>
            <fadetime>500</fadetime>
            <include>Animation_FanartFade</include>
            <texture background="true">$VAR[PlaylistEditorFanart]</texture>
            <visible>Skin.HasSetting(BackgroundVideo) + Player.HasVideo + !Window.IsActive(favouritesbrowser)</visible>
        </control>
        <include>CommonOverlay</include>
    </include>
    <include name="CommonPVRItems">
        <include>CommonContent</include>
        <include>CommonOverlay</include>
    </include>
    <include name="CommonWeatherItems">
        <include>CommonContent</include>
        <control type="multiimage">
            <include>FullscreenDimensions</include>
            <timeperimage>10000</timeperimage>
            <randomize>true</randomize>
            <fadetime>600</fadetime>
            <loop>true</loop>
            <include>Animation_FanartFade</include>
            <imagepath background="true">$VAR[Weather.FanartDir]$INFO[Window(Weather).Property(Current.FanartCode)]</imagepath>
            <visible>System.HasAddon(resource.images.weatherfanart.multi) + ![Skin.HasSetting(BackgroundVideo) + Player.HasVideo] + Weather.IsFetched + !Window.IsActive(favouritesbrowser)</visible>
        </control>
        <include>CommonOverlay</include>
    </include>

    <!-- ============== -->
    <!-- Home Backdrops -->
    <!-- ============== -->

    <include name="HomeCustomBackdrops">
        <control type="image">
            <include>FullscreenDimensions</include>
            <include>Animation_FanartFade</include>
            <fadetime>600</fadetime>
            <texture background="true" fallback=".">$INFO[Container(20).ListItem.property(single)]</texture>
            <visible>!String.IsEmpty(Container(20).ListItem.property(single)) + ![Skin.HasSetting(BackgroundVideo) + Player.HasVideo] + !Container(20).Scrolling + !Window.IsActive(favouritesbrowser)</visible>
        </control>
        <control type="multiimage">
            <include>FullscreenDimensions</include>
            <timeperimage>10000</timeperimage>
            <randomize>true</randomize>
            <fadetime>600</fadetime>
            <loop>true</loop>
            <include>Animation_FanartFade</include>
            <imagepath background="true" fallback=".">$INFO[Container(20).ListItem.property(multi)]</imagepath>
            <visible>!String.IsEmpty(Container(20).ListItem.property(multi)) + ![Skin.HasSetting(BackgroundVideo) + Player.HasVideo] + !Container(20).Scrolling + !Window.IsActive(favouritesbrowser)</visible>
        </control>
        <control type="image">
            <description>Search results + video info fanart</description>
            <include>FullscreenDimensions</include>
            <texture background="true">$INFO[Window(Home).Property(fanart_image)]</texture>
            <fadetime>500</fadetime>
            <include>Animation_FanartFade</include>
            <visible>!String.IsEmpty(Window(Home).property(fanart_image)) + ![Skin.HasSetting(BackgroundVideo) + Player.HasVideo] + !Window.IsActive(favouritesbrowser) + [[!Skin.HasSetting(HideFanart) + Window.IsActive(movieinformation)] | !Window.IsActive(movieinformation)]</visible>
        </control>
    </include>

    <!-- ============== -->
    <!-- Skin Backdrops -->
    <!-- ============== -->

    <include name="CommonContent">
        <control type="group">
            <animation effect="slide" end="0" time="0" delay="400" condition="!String.IsEmpty(Window(home).property(NoAnimation))" reversible="false">WindowClose</animation>
            <control type="image">
                <description>Custom Wallpaper Image</description>
                <include>FullscreenDimensions</include>
                <texture fallback="special://skin/extras/backgrounds/01.jpg">$INFO[Skin.String(GlobalBackdropSingle)]</texture>
                <include>visiblehidefadeinfo</include>
                <visible>String.IsEmpty(Skin.String(GlobalBackdropMulti)) + ![Skin.HasSetting(BackgroundVideo) + Player.HasVideo]</visible>
            </control>
            <control type="multiimage">
                <description>Custom Wallpaper Image</description>
                <include>FullscreenDimensions</include>
                <timeperimage>10000</timeperimage>
                <randomize>true</randomize>
                <fadetime>600</fadetime>
                <loop>true</loop>
                <imagepath background="true">$INFO[Skin.String(GlobalBackdropMulti)]</imagepath>
                <include>visiblehidefadeinfo</include>
                <visible>!String.IsEmpty(Skin.String(GlobalBackdropMulti)) + ![Skin.HasSetting(BackgroundVideo) + Player.HasVideo]</visible>
            </control>
        </control>
    </include>

    <!-- ====== -->
    <!-- Fanart -->
    <!-- ====== -->

    <variable name="ViewFanart">
        <value condition="!String.IsEmpty(Window(home).property(fanart_image)) + !Window.IsActive(script-script.extendedinfo-DialogInfo.xml) + [Window.IsActive(movieinformation) | Window.IsActive(script-script.extendedinfo-DialogVideoInfo.xml)]">$INFO[Window(home).property(fanart_image)]</value>
        <value condition="!Window.IsActive(script-script.extendedinfo-DialogInfo.xml) + !Window.IsActive(script-script.extendedinfo-DialogVideoInfo.xml)">$INFO[ListItem.Art(fanart)]</value>
        <value></value>
    </variable>

    <include name="BackgroundFanart">
        <control type="image">
            <description>List Panel fanart</description>
            <aspectratio>scale</aspectratio>
            <include>FullscreenDimensions</include>
            <texture background="true">$INFO[ListItem.FileNameAndPath]</texture>
            <fadetime>500</fadetime>
            <include>Animation_FanartFade</include>
            <visible>Window.IsVisible(pictures) + Container.HasFiles + ![Skin.HasSetting(BackgroundVideo) + Player.HasVideo] + !Window.IsActive(favouritesbrowser)</visible>
        </control>
        <control type="image">
            <description>List Panel fanart</description>
            <include>FullscreenDimensions</include>
            <texture background="true">$VAR[ViewFanart]</texture>
            <fadetime>500</fadetime>
            <include>Animation_FanartFade</include>
            <visible>!Skin.HasSetting(HideFanart) + ![Skin.HasSetting(BackgroundVideo) + Player.HasVideo] + !Window.IsActive(favouritesbrowser)</visible>
        </control>
    </include>
    <include name="BackgroundFanartMusicOSD">
        <control type="image">
            <description>Music OSD fanart</description>
            <include>FullscreenDimensions</include>
            <texture background="true">$VAR[OSDMusicFanart]</texture>
            <fadetime>500</fadetime>
            <include>Animation_FanartFade</include>
            <animation effect="fade" start="100" end="65" time="0" condition="Skin.HasSetting(OSDVisualisation.ShowFanart)">Conditional</animation>
            <visible>!Skin.HasSetting(ArtistSlideShow.Enabled) + ![Skin.HasSetting(OSDVisualisation.Enabled) + !Skin.HasSetting(OSDVisualisation.ShowFanart)]</visible>
        </control>
        <control type="multiimage">
            <aspectratio>keep</aspectratio>
            <include>FullscreenDimensions</include>
            <timeperimage>10000</timeperimage>
            <randomize>true</randomize>
            <fadetime>600</fadetime>
            <loop>true</loop>
            <include>Animation_FanartFade</include>
            <imagepath background="true">$INFO[Window(Visualisation).Property(ArtistSlideshow)]</imagepath>
            <visible>System.HasAddon(script.artistslideshow) + Skin.HasSetting(ArtistSlideShow.Enabled)</visible>
            <animation effect="zoom" start="110" end="130" center="auto" time="10000" tween="sine" easing="inout" pulse="true" condition="Skin.HasSetting(ArtistSlideshow.Animate)">Conditional</animation>
            <animation effect="slide" start="-30,-30" end="30,30" time="6000" tween="sine" easing="inout" pulse="true" condition="Skin.HasSetting(ArtistSlideshow.Animate)">Conditional</animation>
        </control>
    </include>

    <variable name="PlaylistEditorFanart">
        <value condition="Control.HasFocus(100)">$INFO[Container(100).ListItem.Art(fanart)]</value>
        <value>$INFO[Container(50).ListItem.Art(fanart)]</value>
    </variable>

    <!-- ============================================= -->
    <!-- Fade Backgrounds (behind dialogs, menus etc.) -->
    <!-- ============================================= -->

    <include name="FadeBackgroundDialog">
        <control type="image">
            <include>FullscreenDimensions</include>
            <texture background="true">fade/black_content.png</texture>
            <animation effect="fade" time="300" start="0" end="95" tween="sine" easing="out">WindowOpen</animation>
            <animation effect="fade" time="300" start="95" end="0" tween="sine" easing="in">WindowClose</animation>
        </control>
    </include>
    <include name="FadeBackground">
        <control type="image">
            <include>FullscreenDimensions</include>
            <texture background="true">fade/overlay.png</texture>
            <animation effect="fade" time="300" start="0" end="100" tween="sine" easing="out">Visible</animation>
            <animation effect="fade" time="300" start="100" end="0" tween="sine" easing="in">Hidden</animation>
            <visible>[Window.IsActive(songinformation) | Window.IsActive(contentsettings) | Window.IsActive(addonsettings) | Window.IsActive(filebrowser) | [Window.IsActive(virtualkeyboard) + String.IsEmpty(Window(Home).Property(HomeSearch))] | Window.IsActive(playercontrols) | Window.IsActive(profilesettings) | Window.IsActive(selectdialog) | Window.IsActive(progressdialog) | Window.IsActive(mediasource) | Window.IsActive(screencalibration) | Window.IsActive(numericinput) | Window.IsActive(LockSettings) | Window.IsActive(smartplaylisteditor) | Window.IsActive(smartplaylistrule) | Window.IsActive(pictureinfo) | Window.IsActive(script-RSS_Editor-rssEditor.xml) | Window.IsActive(script-RSS_Editor-setEditor.xml) | Window.IsActive(3001) | Window.IsActive(3002) | Window.IsActive(3003) | Window.IsActive(3006) | Window.IsActive(peripheralsettings) | Window.IsActive(mediafilter) | Window.IsActive(mediafilter) | Window.IsActive(pvrgroupmanager) | Window.IsActive(pvrtimersetting) | Window.IsActive(pvrguidesearch) | Window.IsActive(pvrchannelmanager) | Window.IsActive(DialogSelect.xml) | Window.IsActive(yesnodialog) | Window.IsActive(okdialog) | ControlGroup(9000).HasFocus() | [Window.IsActive(contextmenu) + [Window.IsActive(favouritesbrowser) | [!Window.IsActive(filemanager) + !Window.IsActive(home)]]]] + !Window.IsActive(movieinformation) + !Window.IsActive(1122) + !Window.IsActive(addoninformation) + !Window.IsActive(musicinformation) + !Window.IsActive(musicplaylisteditor) + !Window.IsActive(DialogPVRInfo.xml)</visible>
        </control>
    </include>
    <include name="FadeBackgroundPVRInfo">
        <control type="image">
            <include>FullscreenDimensions</include>
            <texture background="true">fade/overlay.png</texture>
            <animation effect="fade" time="300" start="0" end="100" tween="sine" easing="out">Visible</animation>
            <animation effect="fade" time="300" start="100" end="0" tween="sine" easing="in">Hidden</animation>
            <visible>Window.IsActive(DialogPVRInfo.xml) + Window.IsActive(fullscreenvideo)</visible>
        </control>
    </include>
    <include name="FadeBackgroundMovieInfo">
        <control type="image">
            <include>FullscreenDimensions</include>
            <texture background="true">fade/overlay.png</texture>
            <animation effect="fade" time="300" start="0" end="100" tween="sine" easing="out">Visible</animation>
            <animation effect="fade" time="300" start="100" end="0" tween="sine" easing="in">Hidden</animation>
            <visible>[[String.IsEmpty(Window(Home).Property(ChooseArt)) | ![Window.IsActive(filebrowser) | Window.IsActive(selectdialog) | Window.IsActive(DialogSelect.xml) | Window.IsActive(progressdialog)]] + [Window.IsActive(filebrowser) | Window.IsActive(selectdialog) | Window.IsActive(DialogSelect.xml) | Window.IsActive(progressdialog)]] | Window.IsActive(contentsettings) | Window.IsActive(addonsettings) | Window.IsActive(virtualkeyboard) | Window.IsActive(playercontrols) | Window.IsActive(profilesettings) | Window.IsActive(numericinput) | Window.IsActive(okdialog) | Window.IsActive(yesnodialog)</visible>
        </control>
    </include>
    <include name="FadeBackgroundButtonMenu">
        <control type="image">
            <include>FullscreenDimensions</include>
            <texture background="true">fade/overlay.png</texture>
            <include>OpenCloseAnimationThree</include>
        </control>
    </include>

    <!-- ============== -->
    <!-- Sort letters -->
    <!-- ============== -->

    <include name="SortLetterFileBrowser">
        <control type="group">
            <posx>275</posx>
            <posy>440</posy>
            <animation type="Visible" reversible="false">
                <effect type="slide" start="-10" end="0" time="300" delay="0" tween="sine" easing="in" />
                <effect type="fade" start="0" end="100" time="200" delay="100" tween="sine" easing="in" />
            </animation>
            <animation type="Hidden">
                <effect type="slide" start="0" end="-10" delay="1500" time="300" tween="sine" easing="in" />
                <effect type="fade" start="100" end="0" delay="1500" time="300" tween="sine" easing="out" />
            </animation>
            <control type="image">
                <posx>0</posx>
                <posy>0</posy>
                <width>200</width>
                <height>200</height>
                <texture>dialogs/other/sortletter.png</texture>
            </control>
            <control type="label">
                <posx>26</posx>
                <posy>34</posy>
                <width>132</width>
                <height>132</height>
                <font>Font-Condensed-S80-B</font>
                <align>center</align>
                <textcolor>MenuGrey</textcolor>
                <shadowcolor>white</shadowcolor>
                <label>$INFO[Container(450).ListItem.SortLetter]</label>
            </control>
            <visible>Container(450).Scrolling</visible>
        </control>
    </include>

    <variable name="SortLetterSelectDialogLabel">
        <value condition="Control.IsVisible(6)">$INFO[Container(6).ListItem.SortLetter]</value>
        <value>$INFO[Container(3).ListItem.SortLetter]</value>
    </variable>

    <include name="SortLetterSelectDialog">
        <control type="group">
            <posx>434</posx>
            <posy>440</posy>
            <animation type="Visible" reversible="false">
                <effect type="slide" start="-10" end="0" time="300" delay="0" tween="sine" easing="in" />
                <effect type="fade" start="0" end="100" time="200" delay="100" tween="sine" easing="in" />
            </animation>
            <animation type="Hidden">
                <effect type="slide" start="0" end="-10" delay="1500" time="300" tween="sine" easing="in" />
                <effect type="fade" start="100" end="0" delay="1500" time="300" tween="sine" easing="out" />
            </animation>
            <animation effect="slide" end="-217" time="0" condition="Control.IsVisible(6)">Conditional</animation>
            <control type="image">
                <posx>0</posx>
                <posy>0</posy>
                <width>200</width>
                <height>200</height>
                <texture>dialogs/other/sortletter.png</texture>
            </control>
            <control type="label">
                <posx>26</posx>
                <posy>34</posy>
                <width>132</width>
                <height>132</height>
                <font>Font-Condensed-S80-B</font>
                <align>center</align>
                <textcolor>MenuGrey</textcolor>
                <shadowcolor>white</shadowcolor>
                <label>$VAR[SortLetterSelectDialogLabel]</label>
            </control>
            <visible>Container(3).Scrolling | Container(6).Scrolling</visible>
        </control>
    </include>

    <!-- ======== -->
    <!-- Various  -->
    <!-- ======== -->

    <include name="optionsbuttonsdimensions">
        <posx>0</posx>
        <posy>0</posy>
        <width>404</width>
        <height>57</height>
        <font>Font-Condensed-S34</font>
        <align>left</align>
        <textcolor>FF484848</textcolor>
        <focusedcolor>DDFFFFFF</focusedcolor>
        <disabledcolor>FF484848</disabledcolor>
        <textoffsetx>75</textoffsetx>
        <textwidth>300</textwidth>
        <scroll>false</scroll>
    </include>

    <include name="PVRMenuButtonVars">
        <posx>0</posx>
        <width>458</width>
        <height>112</height>
        <font>Font-Condensed-S40</font>
        <textoffsetx>110</textoffsetx>
        <textwidth>318</textwidth>
        <textcolor>99FFFFFF</textcolor>
        <focusedcolor>eewhite</focusedcolor>
        <align>left</align>
        <animation effect="fade" start="64.435" end="100" time="300" tween="sine" easing="inout" reversible="false">Focus</animation>
    </include>

    <include name="AddonDescHeight_1">
        <height>330</height>
    </include>

    <include name="AddonDescHeight_2">
        <height>270</height>
    </include>

    <include name="AddonDescHeight_3">
        <height>160</height>
    </include>

    <variable name="MusicPlaylistEditorHeaderLabel">
        <value condition="Window.IsActive(songinformation)">$LOCALIZE[658]</value>
        <value>$LOCALIZE[1214]$INFO[Container.FolderName,: ,]</value>
    </variable>
</includes>
