<?xml version="1.0" encoding="UTF-8"?>
<window>
    <defaultcontrol always="true">996</defaultcontrol>
    <include>OpenCloseAnimationContext</include>
    <include condition="Window.IsVisible(favouritesbrowser) | [!Window.IsVisible(videobookmarks) + !Window.IsVisible(filemanager) + !Window.IsVisible(musicplaylisteditor) + !Window.IsVisible(LockSettings) + !Window.IsVisible(addoninformation) + !Window.IsVisible(home) + !Window.IsVisible(pvrchannelmanager)]">ContextCoordinates</include>
    <animation effect="slide" end="0,256" time="0" condition="Window.IsVisible(LockSettings)">Conditional</animation>
    <controls>
        <include condition="Window.IsVisible(favouritesbrowser) | [!Window.IsVisible(videobookmarks) + !Window.IsVisible(filemanager) + !Window.IsVisible(musicplaylisteditor) + !Window.IsVisible(LockSettings) + !Window.IsVisible(addoninformation) + !Window.IsVisible(home) + !Window.IsVisible(pvrchannelmanager)]">ContextMenuDefault</include>
        <include condition="Window.IsVisible(home) + !Window.IsVisible(favourites)">ContextMenuHome</include>
        <include condition="Window.IsVisible(LockSettings) | Window.IsVisible(pvrchannelmanager)">ContextMenuPVRChannelManager</include>
        <include condition="Window.IsVisible(filemanager) | Window.IsVisible(musicplaylisteditor)">ContextMenuFileManager</include>
        <include condition="Window.IsVisible(addoninformation)">ContextMenuAddonInfo</include>
        <include condition="Window.IsVisible(videobookmarks)">ContextMenuVideoBookmarks</include>
    </controls>
</window>
