<?xml version="1.0" encoding="UTF-8"?>
<window>
    <defaultcontrol always="true">50</defaultcontrol>
    <menucontrol>9111</menucontrol>
    <views>50</views>
    <backgroundcolor>0</backgroundcolor>
    <controls>
        <control type="group">
            <include>CommonItems</include>

            <control type="group">
                <description>Searching</description>
                <visible>Control.IsVisible(991)</visible>
                <left>1745</left>
                <top>24</top>
                <include>BannerListInfoAnimation</include>
                <visible>!Window.IsActive(movieinformation) + !Window.IsActive(musicinformation) + !Window.IsActive(addoninformation)</visible>
                <animation effect="slide" end="-76" time="300" tween="sine" easing="inout" condition="Window.IsActive(busydialog)">Conditional</animation>
                <animation type="Conditional" condition="Window.IsActive(notification) | Window.IsActive(volumebar)">
                    <effect type="fade" start="100" end="8" tween="sine" easing="out" time="300" />
                    <effect type="zoom" start="100" end="50" center="1745,100" tween="sine" easing="inout" time="300" />
                </animation>
                <control type="group">
                    <control type="image">
                        <left>-4</left>
                        <top>27</top>
                        <width>100</width>
                        <height>100</height>
                        <texture>dialogs/extendedprogress/loading-back.png</texture>
                    </control>
                    <control type="image">
                        <left>-4</left>
                        <top>27</top>
                        <width>100</width>
                        <height>100</height>
                        <texture>dialogs/search/loading.png</texture>
                        <animation effect="rotate" center="auto" start="360" end="0" time="1500" loop="true" condition="true">Conditional</animation>
                    </control>
                    <control type="label" id="991">
                        <description>Header label</description>
                        <left>0</left>
                        <top>0</top>
                        <width>750</width>
                        <height>120</height>
                        <font>Font-Condensed-S36-B</font>
                        <textcolor>C0FFFFFF</textcolor>
                        <scroll>false</scroll>
                        <align>right</align>
                    </control>
                    <!--
                    <control type="label" id="991">
                        <description>Title label</description>
                        <left>0</left>
                        <top>33</top>
                        <width>750</width>
                        <height>120</height>
                        <font>Font-Condensed-S28</font>
                        <textcolor>80FFFFFF</textcolor>
                        <scroll>false</scroll>
                        <align>right</align>
                    </control>
                    -->
                    <control type="progress" id="32">
                        <description>progress control</description>
                        <visible>false</visible>
                    </control>
                </control>
            </control>

            <control type="group">
                <visible>!Window.IsActive(movieinformation) + !Window.IsActive(musicinformation) + !Window.IsActive(addoninformation)</visible>
                <left>75</left>
                <top>24</top>
                <animation type="Visible" reversible="false">
                    <effect type="fade" start="0" end="100" time="300" tween="sine" easing="in" delay="100" />
                    <effect type="slide" start="0,-75" end="0,0" time="350" tween="cubic" easing="out" delay="100" />
                </animation>
                <animation type="WindowClose" reversible="false">
                    <effect type="fade" start="100" end="0" time="250" tween="sine" easing="out" delay="100" />
                    <effect type="slide" start="0,0" end="0,-75" time="300" tween="sine" easing="out" delay="100" />
                </animation>
                <animation type="Hidden">
                    <effect type="fade" start="100" end="0" time="250" tween="sine" easing="out" delay="0" />
                    <effect type="slide" start="0,0" end="0,-75" time="300" tween="sine" easing="out" delay="0" />
                </animation>
                <control type="image">
                    <visible>!Container(50).Scrolling</visible>
                    <left>20</left>
                    <top>35</top>
                    <width>85</width>
                    <height>85</height>
                    <texture>DefaultMusicSearch.png</texture>
                    <animation type="Hidden">
                        <effect type="fade" start="100" end="8" tween="sine" easing="out" time="300" />
                        <effect type="zoom" start="100" end="50" center="60,75" tween="sine" easing="inout" time="300" />
                    </animation>
                    <animation type="Visible">
                        <effect type="fade" start="8" end="100" tween="sine" easing="out" time="300" delay="2000" />
                        <effect type="zoom" start="50" end="100" center="60,75" tween="sine" easing="inout" time="300" delay="2000" />
                    </animation>
                </control>
                <control type="group">
                    <left>17</left>
                    <top>32</top>
                    <visible>Container(50).Scrolling</visible>
                    <animation type="Visible">
                        <effect type="fade" start="0" end="100" time="300" tween="sine" easing="in" />
                        <effect type="slide" start="0,-75" end="0,0" time="350" tween="sine" easing="out" />
                    </animation>
                    <animation type="Hidden">
                        <effect type="fade" start="100" end="0" time="250" tween="sine" easing="out" delay="2000" />
                        <effect type="slide" start="0,0" end="0,-75" time="300" tween="sine" easing="out" delay="2000" />
                    </animation>
                    <control type="image">
                        <left>0</left>
                        <top>0</top>
                        <width>85</width>
                        <height>85</height>
                        <texture>DefaultSortLetter.png</texture>
                    </control>
                    <control type="label">
                        <left>0</left>
                        <top>1</top>
                        <width>85</width>
                        <height>85</height>
                        <align>center</align>
                        <font>Font-Condensed-S52-B</font>
                        <label>$INFO[ListItem.SortLetter]</label>
                        <textcolor>C0000000</textcolor>
                        <shadowcolor>white</shadowcolor>
                    </control>
                </control>
                <control type="group">
                    <animation type="Visible" reversible="false">
                        <effect type="fade" start="0" end="100" time="300" tween="sine" easing="in" />
                        <effect type="slide" start="0,-75" end="0,0" time="350" tween="cubic" easing="out" />
                    </animation>
                    <animation type="Hidden" reversible="false">
                        <effect type="fade" start="100" end="0" time="250" tween="sine" easing="out" />
                        <effect type="slide" start="0,0" end="0,-75" time="300" tween="sine" easing="out" />
                    </animation>
                    <control type="grouplist">
                        <left>110</left>
                        <top>0</top>
                        <orientation>horizontal</orientation>
                        <control type="label">
                            <width min="50" max="750">auto</width>
                            <height>120</height>
                            <label>$LOCALIZE[283]: [B]$INFO[Window.Property(GlobalSearch.SearchString)][/B]</label>
                            <font>Font-Condensed-S36</font>
                            <textcolor>C0FFFFFF</textcolor>
                            <scroll>false</scroll>
                            <align>left</align>
                        </control>
                    </control>
                    <control type="grouplist">
                        <left>110</left>
                        <top>33</top>
                        <orientation>horizontal</orientation>
                        <control type="label">
                            <width min="50" max="400">auto</width>
                            <height>120</height>
                            <label>$INFO[Container.NumItems] $INFO[Container(9000).ListItem(0).Label]</label>
                            <font>Font-Condensed-S28</font>
                            <textcolor>80FFFFFF</textcolor>
                            <scroll>false</scroll>
                            <align>left</align>
                            <!-- <visible>Integer.IsEqual(Container.NumItems,1)</visible> -->
                        </control>
                        <!--
                        <control type="label">
                            <width min="50" max="400">auto</width>
                            <height>120</height>
                            <label>$INFO[Container.NumItems] $LOCALIZE[31817]</label>
                            <font>Font-Condensed-S28</font>
                            <textcolor>80FFFFFF</textcolor>
                            <scroll>false</scroll>
                            <align>left</align>
                            <visible>Integer.IsEqual(Container.NumItems,0) | Integer.IsGreater(Container.NumItems,1)</visible>
                        </control>
                        -->
                    </control>
                </control>
            </control>

            <control type="group">
                <description>No result found</description>
                <visible>Control.IsVisible(999)</visible>
                <animation effect="fade" start="0" end="100" time="400" tween="sine" delay="100" easing="in">WindowOpen</animation>
                <animation effect="fade" start="0" end="100" time="400" tween="sine" delay="200" easing="in">Visible</animation>
                <control type="button" id="990">
                    <description>New search button</description>
                    <visible allowhiddenfocus="true">false</visible>
                </control>
                <control type="label" id="999">
                    <left>0</left>
                    <top>120</top>
                    <width>1920</width>
                    <height>1080</height>
                    <label>$LOCALIZE[284]</label>
                    <font>Font-Condensed-S40-B</font>
                    <textcolor>80FFFFFF</textcolor>
                    <align>center</align>
                    <aligny>center</aligny>
                    <onclick></onclick>
                </control>
                <control type="image">
                    <left>832</left>
                    <top>372</top>
                    <width>256</width>
                    <height>256</height>
                    <align>center</align>
                    <aspectratio>keep</aspectratio>
                    <texture>windows/home/nocontent/nocontent.png</texture>
                </control>
            </control>

            <control type="group">
                <animation type="WindowClose" reversible="false">
                    <effect type="fade" start="100" end="0" time="250" tween="sine" easing="out" delay="100" />
                    <effect type="slide" start="0,0" end="0,-75" time="300" tween="sine" easing="out" delay="100" />
                </animation>
                <control type="group">
                    <visible>!Control.IsVisible(999) + !Window.IsActive(movieinformation) + !Window.IsActive(musicinformation) + !Window.IsActive(addoninformation)</visible>
                    <animation effect="fade" start="100" end="0" time="300" tween="sine" easing="inout">Hidden</animation>
                    <animation effect="fade" start="0" end="100" time="300" tween="sine" easing="inout">Visible</animation>
                    <animation effect="zoom" start="100" end="110" time="300" tween="sine" easing="inout" center="auto" condition="Window.IsActive(movieinformation) | Window.IsActive(musicinformation) | Window.IsActive(addoninformation)">Conditional</animation>
                    <control type="fixedlist" id="50">
                        <description>Search results</description>
                        <left>117</left>
                        <top>300</top>
                        <width>2282</width>
                        <height>750</height>
                        <onup>9000</onup>
                        <ondown>9000</ondown>
                        <viewtype label="List">List</viewtype>
                        <scrolltime tween="cubic" easing="out">500</scrolltime>
                        <orientation>horizontal</orientation>
                        <preloaditems>2</preloaditems>
                        <itemlayout width="332" height="750" condition="Container.Content(movies) | Container.Content(tvshows) | Container.Content(actors) | | Container.Content(directors)">
                            <control type="group">
                                <animation effect="fade" start="100" end="50" time="0" condition="true">Conditional</animation>
                                <control type="image">
                                    <description>Bottom shadow</description>
                                    <left>-10</left>
                                    <top>585</top>
                                    <width>340</width>
                                    <height>50</height>
                                    <texture>dialogs/shutdown/shadow.png</texture>
                                </control>
                                <control type="image">
                                    <left>-5</left>
                                    <top>475</top>
                                    <width>330</width>
                                    <height>110</height>
                                    <texture border="7">windows/home/tile.png</texture>
                                </control>
                                <control type="label">
                                    <left>20</left>
                                    <top>493</top>
                                    <width>280</width>
                                    <height>40</height>
                                    <font>Font-Condensed-S29-B</font>
                                    <label>$INFO[ListItem.Label]</label>
                                    <textcolor>ddwhite</textcolor>
                                    <shadowcolor>22000000</shadowcolor>
                                    <align>center</align>
                                    <scroll>false</scroll>
                                </control>
                                <control type="label">
                                    <visible>!Container.Content(tvshows)</visible>
                                    <left>20</left>
                                    <top>529</top>
                                    <width>280</width>
                                    <height>40</height>
                                    <font>Font-Condensed-S27</font>
                                    <label>$INFO[ListItem.Year,, • ]$INFO[ListItem.Duration,, $LOCALIZE[12391]]$INFO[ListItem.Rating, • ,]</label>
                                    <textcolor>99FFFFFF</textcolor>
                                    <shadowcolor>22000000</shadowcolor>
                                    <aligny>center</aligny>
                                    <scroll>false</scroll>
                                </control>
                                <control type="label">
                                    <visible>Container.Content(tvshows)</visible>
                                    <left>20</left>
                                    <top>529</top>
                                    <width>280</width>
                                    <height>40</height>
                                    <font>Font-Condensed-S27</font>
                                    <label>$INFO[ListItem.Year]$INFO[ListItem.Studio, • ,]$INFO[ListItem.Rating, • ,]</label>
                                    <textcolor>99FFFFFF</textcolor>
                                    <shadowcolor>22000000</shadowcolor>
                                    <aligny>center</aligny>
                                    <scroll>false</scroll>
                                </control>
                            </control>
                            <control type="group">
                                <animation effect="fade" start="100" end="75" time="0" condition="true">Conditional</animation>
                                <control type="image">
                                    <left>0</left>
                                    <top>0</top>
                                    <width>320</width>
                                    <height>480</height>
                                    <aspectratio>scale</aspectratio>
                                    <texture background="true" fallback="views/fallbacks/DefaultVideo.png/large.png">$INFO[ListItem.Art(poster)]</texture>
                                </control>
                                <control type="image">
                                    <left>0</left>
                                    <top>479</top>
                                    <width>320</width>
                                    <height>1</height>
                                    <colordiffuse>99000000</colordiffuse>
                                    <texture>windows/common/black.png</texture>
                                </control>
                            </control>
                            <control type="image">
                                <left>220</left>
                                <top>0</top>
                                <width>100</width>
                                <height>100</height>
                                <texture>overlays/OverlayUnWatched.png/extended-w.png</texture>
                                <visible>Integer.IsEqual(ListItem.PlayCount,0)</visible>
                            </control>
                        </itemlayout>
                        <focusedlayout width="332" height="750" condition="Container.Content(movies) | Container.Content(tvshows) | Container.Content(actors) | | Container.Content(directors)">
                            <control type="button">
                                <onfocus>SetProperty(search_list,111,home)</onfocus>
                                <onfocus>SetProperty(fanart_image,$INFO[ListItem.Art(fanart)],home)</onfocus>
                            </control>
                            <control type="group">
                                <animation effect="fade" start="50" end="100" time="300" tween="sine" easing="inout">Focus</animation>
                                <animation effect="fade" start="100" end="50" time="300" tween="sine" easing="inout">UnFocus</animation>
                                <animation effect="fade" start="100" end="50" tween="sine" easing="inout" condition="!Control.HasFocus(50)">Conditional</animation>
                                <control type="image">
                                    <description>Bottom shadow</description>
                                    <left>-10</left>
                                    <top>585</top>
                                    <width>340</width>
                                    <height>50</height>
                                    <texture>dialogs/shutdown/shadow.png</texture>
                                </control>
                                <control type="image">
                                    <left>-5</left>
                                    <top>475</top>
                                    <width>330</width>
                                    <height>110</height>
                                    <texture border="7">windows/home/tile.png</texture>
                                </control>
                                <control type="label">
                                    <left>20</left>
                                    <top>493</top>
                                    <width>280</width>
                                    <height>40</height>
                                    <font>Font-Condensed-S29-B</font>
                                    <label>$INFO[ListItem.Label]</label>
                                    <textcolor>ddwhite</textcolor>
                                    <shadowcolor>22000000</shadowcolor>
                                    <aligny>center</aligny>
                                    <scroll>false</scroll>
                                </control>
                                <control type="label">
                                    <visible>!Container.Content(tvshows)</visible>
                                    <left>20</left>
                                    <top>529</top>
                                    <width>280</width>
                                    <height>40</height>
                                    <font>Font-Condensed-S27</font>
                                    <label>$INFO[ListItem.Year,, • ]$INFO[ListItem.Duration,, $LOCALIZE[12391]]$INFO[ListItem.Rating, • ,]</label>
                                    <textcolor>99FFFFFF</textcolor>
                                    <shadowcolor>22000000</shadowcolor>
                                    <aligny>center</aligny>
                                    <scroll>false</scroll>
                                </control>
                                <control type="label">
                                    <visible>Container.Content(tvshows)</visible>
                                    <left>20</left>
                                    <top>529</top>
                                    <width>280</width>
                                    <height>40</height>
                                    <font>Font-Condensed-S27</font>
                                    <label>$INFO[ListItem.Year]$INFO[ListItem.Studio, • ,]$INFO[ListItem.Rating, • ,]</label>
                                    <textcolor>99FFFFFF</textcolor>
                                    <shadowcolor>22000000</shadowcolor>
                                    <aligny>center</aligny>
                                    <scroll>false</scroll>
                                </control>
                            </control>
                            <control type="group">
                                <animation effect="fade" start="75" end="100" time="300" tween="sine" easing="inout">Focus</animation>
                                <animation effect="fade" start="100" end="75" time="300" tween="sine" easing="inout">UnFocus</animation>
                                <animation effect="fade" start="100" end="75" tween="sine" easing="inout" condition="!Control.HasFocus(50)">Conditional</animation>
                                <control type="image">
                                    <left>0</left>
                                    <top>0</top>
                                    <width>320</width>
                                    <height>480</height>
                                    <aspectratio>scale</aspectratio>
                                    <texture background="true" fallback="views/fallbacks/DefaultVideo.png/large.png">$INFO[ListItem.Art(poster)]</texture>
                                </control>
                                <control type="image">
                                    <left>0</left>
                                    <top>479</top>
                                    <width>320</width>
                                    <height>1</height>
                                    <colordiffuse>99000000</colordiffuse>
                                    <texture>windows/common/black.png</texture>
                                </control>
                            </control>
                            <control type="image">
                                <left>220</left>
                                <top>0</top>
                                <width>100</width>
                                <height>100</height>
                                <texture>overlays/OverlayUnWatched.png/extended-w.png</texture>
                                <visible>Integer.IsEqual(ListItem.PlayCount,0)</visible>
                            </control>
                        </focusedlayout>
                        <itemlayout width="492" height="500" condition="Container.Content(episodes)">
                            <control type="group">
                                <animation effect="fade" start="100" end="50" time="0" condition="true">Conditional</animation>
                                <control type="image">
                                    <description>Bottom shadow</description>
                                    <left>-10</left>
                                    <top>407</top>
                                    <width>500</width>
                                    <height>50</height>
                                    <texture>dialogs/shutdown/shadow.png</texture>
                                </control>
                                <control type="image">
                                    <left>-5</left>
                                    <top>265</top>
                                    <width>490</width>
                                    <height>142</height>
                                    <texture border="7">windows/home/tile.png</texture>
                                </control>
                                <control type="label">
                                    <left>20</left>
                                    <top>283</top>
                                    <width>440</width>
                                    <height>40</height>
                                    <font>Font-Condensed-S29-B</font>
                                    <label>$INFO[ListItem.Episode,,. ]$INFO[ListItem.Label]</label>
                                    <textcolor>ddwhite</textcolor>
                                    <shadowcolor>22000000</shadowcolor>
                                    <aligny>center</aligny>
                                    <scroll>false</scroll>
                                </control>
                                <control type="label">
                                    <left>20</left>
                                    <top>319</top>
                                    <width>440</width>
                                    <height>40</height>
                                    <font>Font-Condensed-S27</font>
                                    <label>$INFO[ListItem.TvShowTitle]</label>
                                    <textcolor>99FFFFFF</textcolor>
                                    <shadowcolor>22000000</shadowcolor>
                                    <aligny>center</aligny>
                                    <scroll>false</scroll>
                                </control>
                                <control type="label">
                                    <left>20</left>
                                    <top>351</top>
                                    <width>440</width>
                                    <height>40</height>
                                    <font>Font-Condensed-S27</font>
                                    <label>$INFO[ListItem.Season,$LOCALIZE[20373] ,]$INFO[ListItem.Duration, • , $LOCALIZE[12391]]$INFO[ListItem.Rating, • ,]</label>
                                    <textcolor>99FFFFFF</textcolor>
                                    <shadowcolor>22000000</shadowcolor>
                                    <aligny>center</aligny>
                                    <scroll>false</scroll>
                                </control>
                            </control>
                            <control type="group">
                                <animation effect="fade" start="100" end="75" time="0" condition="true">Conditional</animation>
                                <control type="image">
                                    <left>0</left>
                                    <top>0</top>
                                    <width>480</width>
                                    <height>270</height>
                                    <aspectratio>scale</aspectratio>
                                    <texture background="true" fallback="views/fallbacks/DefaultVideo.png/landscape.png">$INFO[ListItem.Thumb]</texture>
                                </control>
                                <control type="image">
                                    <left>0</left>
                                    <top>269</top>
                                    <width>480</width>
                                    <height>1</height>
                                    <colordiffuse>99000000</colordiffuse>
                                    <texture>windows/common/black.png</texture>
                                </control>
                            </control>
                            <control type="image">
                                <left>380</left>
                                <top>0</top>
                                <width>100</width>
                                <height>100</height>
                                <texture>overlays/OverlayUnWatched.png/extended-w.png</texture>
                                <visible>Integer.IsEqual(ListItem.Property(PlayCount),0)</visible>
                            </control>
                        </itemlayout>
                        <focusedlayout width="492" height="500" condition="Container.Content(episodes)">
                            <control type="button">
                                <onfocus>SetProperty(search_list,141,home)</onfocus>
                                <onfocus>SetProperty(fanart_image,$INFO[ListItem.Art(fanart)],home)</onfocus>
                            </control>
                            <control type="group">
                                <animation effect="fade" start="50" end="100" time="300" tween="sine" easing="inout">Focus</animation>
                                <animation effect="fade" start="100" end="50" time="300" tween="sine" easing="inout">UnFocus</animation>
                                <animation effect="fade" start="100" end="50" tween="sine" easing="inout" condition="!Control.HasFocus(50)">Conditional</animation>
                                <control type="image">
                                    <description>Bottom shadow</description>
                                    <left>-10</left>
                                    <top>407</top>
                                    <width>500</width>
                                    <height>50</height>
                                    <texture>dialogs/shutdown/shadow.png</texture>
                                </control>
                                <control type="image">
                                    <left>-5</left>
                                    <top>265</top>
                                    <width>490</width>
                                    <height>142</height>
                                    <texture border="7">windows/home/tile.png</texture>
                                </control>
                                <control type="label">
                                    <left>20</left>
                                    <top>283</top>
                                    <width>440</width>
                                    <height>40</height>
                                    <font>Font-Condensed-S29-B</font>
                                    <label>$INFO[ListItem.Episode,,. ]$INFO[ListItem.Label]</label>
                                    <textcolor>ddwhite</textcolor>
                                    <shadowcolor>22000000</shadowcolor>
                                    <aligny>center</aligny>
                                    <scroll>false</scroll>
                                </control>
                                <control type="label">
                                    <left>20</left>
                                    <top>319</top>
                                    <width>440</width>
                                    <height>40</height>
                                    <font>Font-Condensed-S27</font>
                                    <label>$INFO[ListItem.TvShowTitle]</label>
                                    <textcolor>99FFFFFF</textcolor>
                                    <shadowcolor>22000000</shadowcolor>
                                    <aligny>center</aligny>
                                    <scroll>false</scroll>
                                </control>
                                <control type="label">
                                    <left>20</left>
                                    <top>351</top>
                                    <width>440</width>
                                    <height>40</height>
                                    <font>Font-Condensed-S27</font>
                                    <label>$INFO[ListItem.Season,$LOCALIZE[20373] ,]$INFO[ListItem.Duration, • , $LOCALIZE[12391]]$INFO[ListItem.Rating, • ,]</label>
                                    <textcolor>99FFFFFF</textcolor>
                                    <shadowcolor>22000000</shadowcolor>
                                    <aligny>center</aligny>
                                    <scroll>false</scroll>
                                </control>
                            </control>
                            <control type="group">
                                <animation effect="fade" start="75" end="100" time="300" tween="sine" easing="inout">Focus</animation>
                                <animation effect="fade" start="100" end="75" time="300" tween="sine" easing="inout">UnFocus</animation>
                                <animation effect="fade" start="100" end="75" tween="sine" easing="inout" condition="!Control.HasFocus(50)">Conditional</animation>
                                <control type="image">
                                    <left>0</left>
                                    <top>0</top>
                                    <width>480</width>
                                    <height>270</height>
                                    <aspectratio>scale</aspectratio>
                                    <texture background="true" fallback="views/fallbacks/DefaultVideo.png/landscape.png">$INFO[ListItem.Thumb]</texture>
                                </control>
                                <control type="image">
                                    <left>0</left>
                                    <top>269</top>
                                    <width>480</width>
                                    <height>1</height>
                                    <colordiffuse>99000000</colordiffuse>
                                    <texture>windows/common/black.png</texture>
                                </control>
                            </control>
                            <control type="image">
                                <left>380</left>
                                <top>0</top>
                                <width>100</width>
                                <height>100</height>
                                <texture>overlays/OverlayUnWatched.png/extended-w.png</texture>
                                <visible>Integer.IsEqual(ListItem.Property(PlayCount),0)</visible>
                            </control>
                        </focusedlayout>
                        <itemlayout width="492" height="450" condition="Container.Content(musicvideos)">
                            <control type="group">
                                <animation effect="fade" start="100" end="50" time="0" condition="true">Conditional</animation>
                                <control type="image">
                                    <description>Bottom shadow</description>
                                    <left>-10</left>
                                    <top>375</top>
                                    <width>500</width>
                                    <height>50</height>
                                    <texture>dialogs/shutdown/shadow.png</texture>
                                </control>
                                <control type="image">
                                    <left>-5</left>
                                    <top>265</top>
                                    <width>490</width>
                                    <height>110</height>
                                    <texture border="7">windows/home/tile.png</texture>
                                </control>
                                <control type="label">
                                    <left>20</left>
                                    <top>283</top>
                                    <width>440</width>
                                    <height>40</height>
                                    <font>Font-Condensed-S29-B</font>
                                    <label>$INFO[ListItem.Label]</label>
                                    <textcolor>ddwhite</textcolor>
                                    <shadowcolor>22000000</shadowcolor>
                                    <aligny>center</aligny>
                                    <scroll>false</scroll>
                                </control>
                                <control type="label">
                                    <left>20</left>
                                    <top>319</top>
                                    <width>440</width>
                                    <height>40</height>
                                    <font>Font-Condensed-S27</font>
                                    <label>$INFO[ListItem.Year,,]$INFO[ListItem.Duration, • , $LOCALIZE[12391]]</label>
                                    <textcolor>99FFFFFF</textcolor>
                                    <shadowcolor>22000000</shadowcolor>
                                    <aligny>center</aligny>
                                    <scroll>false</scroll>
                                </control>
                            </control>
                            <control type="group">
                                <animation effect="fade" start="100" end="75" time="0" condition="true">Conditional</animation>
                                <control type="image">
                                    <left>0</left>
                                    <top>0</top>
                                    <width>480</width>
                                    <height>270</height>
                                    <aspectratio>scale</aspectratio>
                                    <texture background="true" fallback="views/fallbacks/DefaultVideo.png/landscape.png">$INFO[ListItem.Thumb]</texture>
                                </control>
                                <control type="image">
                                    <left>0</left>
                                    <top>269</top>
                                    <width>480</width>
                                    <height>1</height>
                                    <colordiffuse>99000000</colordiffuse>
                                    <texture>windows/common/black.png</texture>
                                </control>
                            </control>
                            <control type="image">
                                <left>380</left>
                                <top>0</top>
                                <width>100</width>
                                <height>100</height>
                                <texture>overlays/OverlayUnWatched.png/extended-w.png</texture>
                                <visible>Integer.IsEqual(ListItem.Property(PlayCount),0)</visible>
                            </control>
                        </itemlayout>
                        <focusedlayout width="492" height="450" condition="Container.Content(musicvideos)">
                            <control type="button">
                                <onfocus>SetProperty(search_list,151,home)</onfocus>
                                <onfocus>SetProperty(fanart_image,$INFO[ListItem.Property(fanart)],home)</onfocus>
                            </control>
                            <control type="group">
                                <animation effect="fade" start="50" end="100" time="300" tween="sine" easing="inout">Focus</animation>
                                <animation effect="fade" start="100" end="50" time="300" tween="sine" easing="inout">UnFocus</animation>
                                <animation effect="fade" start="100" end="50" tween="sine" easing="inout" condition="!Control.HasFocus(50)">Conditional</animation>
                                <control type="image">
                                    <description>Bottom shadow</description>
                                    <left>-10</left>
                                    <top>375</top>
                                    <width>500</width>
                                    <height>50</height>
                                    <texture>dialogs/shutdown/shadow.png</texture>
                                </control>
                                <control type="image">
                                    <left>-5</left>
                                    <top>265</top>
                                    <width>490</width>
                                    <height>110</height>
                                    <texture border="7">windows/home/tile.png</texture>
                                </control>
                                <control type="label">
                                    <left>20</left>
                                    <top>283</top>
                                    <width>440</width>
                                    <height>40</height>
                                    <font>Font-Condensed-S29-B</font>
                                    <label>$INFO[ListItem.Label]</label>
                                    <textcolor>ddwhite</textcolor>
                                    <shadowcolor>22000000</shadowcolor>
                                    <aligny>center</aligny>
                                    <scroll>false</scroll>
                                </control>
                                <control type="label">
                                    <left>20</left>
                                    <top>319</top>
                                    <width>440</width>
                                    <height>40</height>
                                    <font>Font-Condensed-S27</font>
                                    <label>$INFO[ListItem.Year,,]$INFO[ListItem.Duration, • , $LOCALIZE[12391]]</label>
                                    <textcolor>99FFFFFF</textcolor>
                                    <shadowcolor>22000000</shadowcolor>
                                    <aligny>center</aligny>
                                    <scroll>false</scroll>
                                </control>
                            </control>
                            <control type="group">
                                <animation effect="fade" start="75" end="100" time="300" tween="sine" easing="inout">Focus</animation>
                                <animation effect="fade" start="100" end="75" time="300" tween="sine" easing="inout">UnFocus</animation>
                                <animation effect="fade" start="100" end="75" tween="sine" easing="inout" condition="!Control.HasFocus(50)">Conditional</animation>
                                <control type="image">
                                    <left>0</left>
                                    <top>0</top>
                                    <width>480</width>
                                    <height>270</height>
                                    <aspectratio>scale</aspectratio>
                                    <texture background="true" fallback="views/fallbacks/DefaultVideo.png/landscape.png">$INFO[ListItem.Thumb]</texture>
                                </control>
                                <control type="image">
                                    <left>0</left>
                                    <top>269</top>
                                    <width>480</width>
                                    <height>1</height>
                                    <colordiffuse>99000000</colordiffuse>
                                    <texture>windows/common/black.png</texture>
                                </control>
                            </control>
                            <control type="image">
                                <left>380</left>
                                <top>0</top>
                                <width>100</width>
                                <height>100</height>
                                <texture>overlays/OverlayUnWatched.png/extended-w.png</texture>
                                <visible>Integer.IsEqual(ListItem.Property(PlayCount),0)</visible>
                            </control>
                        </focusedlayout>
                        <itemlayout width="392" height="550" condition="Container.Content(artists)">
                            <control type="group">
                                <animation effect="fade" start="100" end="50" time="0" condition="true">Conditional</animation>
                                <control type="image">
                                    <description>Bottom shadow</description>
                                    <left>-10</left>
                                    <top>485</top>
                                    <width>400</width>
                                    <height>50</height>
                                    <texture>dialogs/shutdown/shadow.png</texture>
                                </control>
                                <control type="image">
                                    <left>-5</left>
                                    <top>375</top>
                                    <width>390</width>
                                    <height>110</height>
                                    <texture border="7">windows/home/tile.png</texture>
                                </control>
                                <control type="label">
                                    <left>20</left>
                                    <top>393</top>
                                    <width>340</width>
                                    <height>40</height>
                                    <font>Font-Condensed-S29-B</font>
                                    <label>$INFO[ListItem.Label]</label>
                                    <textcolor>ddwhite</textcolor>
                                    <shadowcolor>22000000</shadowcolor>
                                    <aligny>center</aligny>
                                    <scroll>false</scroll>
                                </control>
                                <control type="label">
                                    <left>20</left>
                                    <top>429</top>
                                    <width>340</width>
                                    <height>40</height>
                                    <font>Font-Condensed-S27</font>
                                    <label>$INFO[ListItem.Property(Artist_Genre)]</label>
                                    <textcolor>99FFFFFF</textcolor>
                                    <shadowcolor>22000000</shadowcolor>
                                    <aligny>center</aligny>
                                    <scroll>false</scroll>
                                </control>
                            </control>
                            <control type="group">
                                <animation effect="fade" start="100" end="75" time="0" condition="true">Conditional</animation>
                                <control type="image">
                                    <left>0</left>
                                    <top>0</top>
                                    <width>380</width>
                                    <height>380</height>
                                    <aspectratio>scale</aspectratio>
                                    <texture background="true" fallback="views/fallbacks/DefaultArtist.png/square-large.png">$INFO[ListItem.Thumb]</texture>
                                </control>
                                <control type="image">
                                    <left>0</left>
                                    <top>379</top>
                                    <width>380</width>
                                    <height>1</height>
                                    <colordiffuse>99000000</colordiffuse>
                                    <texture>windows/common/black.png</texture>
                                </control>
                            </control>
                        </itemlayout>
                        <focusedlayout width="392" height="550" condition="Container.Content(artists)">
                            <control type="button">
                                <onfocus>SetProperty(search_list,161,home)</onfocus>
                                <onfocus>SetProperty(fanart_image,$INFO[ListItem.Art(fanart)],home)</onfocus>
                            </control>
                            <control type="group">
                                <animation effect="fade" start="50" end="100" time="300" tween="sine" easing="inout">Focus</animation>
                                <animation effect="fade" start="100" end="50" time="300" tween="sine" easing="inout">UnFocus</animation>
                                <animation effect="fade" start="100" end="50" tween="sine" easing="inout" condition="!Control.HasFocus(50)">Conditional</animation>
                                <control type="image">
                                    <description>Bottom shadow</description>
                                    <left>-10</left>
                                    <top>485</top>
                                    <width>400</width>
                                    <height>50</height>
                                    <texture>dialogs/shutdown/shadow.png</texture>
                                </control>
                                <control type="image">
                                    <left>-5</left>
                                    <top>375</top>
                                    <width>390</width>
                                    <height>110</height>
                                    <texture border="7">windows/home/tile.png</texture>
                                </control>
                                <control type="label">
                                    <left>20</left>
                                    <top>393</top>
                                    <width>340</width>
                                    <height>40</height>
                                    <font>Font-Condensed-S29-B</font>
                                    <label>$INFO[ListItem.Label]</label>
                                    <textcolor>ddwhite</textcolor>
                                    <shadowcolor>22000000</shadowcolor>
                                    <aligny>center</aligny>
                                    <scroll>false</scroll>
                                </control>
                                <control type="label">
                                    <left>20</left>
                                    <top>429</top>
                                    <width>340</width>
                                    <height>40</height>
                                    <font>Font-Condensed-S27</font>
                                    <label>$INFO[ListItem.Property(Artist_Genre)]</label>
                                    <textcolor>99FFFFFF</textcolor>
                                    <shadowcolor>22000000</shadowcolor>
                                    <aligny>center</aligny>
                                    <scroll>false</scroll>
                                </control>
                            </control>
                            <control type="group">
                                <animation effect="fade" start="75" end="100" time="300" tween="sine" easing="inout">Focus</animation>
                                <animation effect="fade" start="100" end="75" time="300" tween="sine" easing="inout">UnFocus</animation>
                                <animation effect="fade" start="100" end="75" tween="sine" easing="inout" condition="!Control.HasFocus(50)">Conditional</animation>
                                <control type="image">
                                    <left>0</left>
                                    <top>0</top>
                                    <width>380</width>
                                    <height>380</height>
                                    <aspectratio>scale</aspectratio>
                                    <texture background="true" fallback="views/fallbacks/DefaultArtist.png/square-large.png">$INFO[ListItem.Thumb]</texture>
                                </control>
                                <control type="image">
                                    <left>0</left>
                                    <top>379</top>
                                    <width>380</width>
                                    <height>1</height>
                                    <colordiffuse>99000000</colordiffuse>
                                    <texture>windows/common/black.png</texture>
                                </control>
                            </control>
                        </focusedlayout>
                        <itemlayout width="392" height="550" condition="Container.Content(albums)">
                            <control type="group">
                                <animation effect="fade" start="100" end="50" time="0" condition="true">Conditional</animation>
                                <control type="image">
                                    <description>Bottom shadow</description>
                                    <left>-10</left>
                                    <top>485</top>
                                    <width>400</width>
                                    <height>50</height>
                                    <texture>dialogs/shutdown/shadow.png</texture>
                                </control>
                                <control type="image">
                                    <left>-5</left>
                                    <top>375</top>
                                    <width>390</width>
                                    <height>110</height>
                                    <texture border="7">windows/home/tile.png</texture>
                                </control>
                                <control type="label">
                                    <left>20</left>
                                    <top>393</top>
                                    <width>340</width>
                                    <height>40</height>
                                    <font>Font-Condensed-S29-B</font>
                                    <label>$INFO[ListItem.Label]</label>
                                    <textcolor>ddwhite</textcolor>
                                    <shadowcolor>22000000</shadowcolor>
                                    <aligny>center</aligny>
                                    <scroll>false</scroll>
                                </control>
                                <control type="label">
                                    <left>20</left>
                                    <top>429</top>
                                    <width>340</width>
                                    <height>40</height>
                                    <font>Font-Condensed-S27</font>
                                    <label>$INFO[ListItem.Year,, • ]$INFO[ListItem.Genre]</label>
                                    <textcolor>99FFFFFF</textcolor>
                                    <shadowcolor>22000000</shadowcolor>
                                    <aligny>center</aligny>
                                    <scroll>false</scroll>
                                </control>
                            </control>
                            <control type="group">
                                <animation effect="fade" start="100" end="75" time="0" condition="true">Conditional</animation>
                                <control type="image">
                                    <left>0</left>
                                    <top>0</top>
                                    <width>380</width>
                                    <height>380</height>
                                    <aspectratio>scale</aspectratio>
                                    <texture background="true" fallback="views/fallbacks/DefaultAlbumCover.png/square-large.png">$INFO[ListItem.Thumb]</texture>
                                </control>
                                <control type="image">
                                    <left>0</left>
                                    <top>379</top>
                                    <width>380</width>
                                    <height>1</height>
                                    <colordiffuse>99000000</colordiffuse>
                                    <texture>windows/common/black.png</texture>
                                </control>
                            </control>
                        </itemlayout>
                        <focusedlayout width="392" height="550" condition="Container.Content(albums)">
                            <control type="button">
                                <onfocus>SetProperty(search_list,171,home)</onfocus>
                                <onfocus>SetProperty(fanart_image,$INFO[ListItem.Art(fanart)],home)</onfocus>
                            </control>
                            <control type="group">
                                <animation effect="fade" start="50" end="100" time="300" tween="sine" easing="inout">Focus</animation>
                                <animation effect="fade" start="100" end="50" time="300" tween="sine" easing="inout">UnFocus</animation>
                                <animation effect="fade" start="100" end="50" tween="sine" easing="inout" condition="!Control.HasFocus(50)">Conditional</animation>
                                <control type="image">
                                    <description>Bottom shadow</description>
                                    <left>-10</left>
                                    <top>485</top>
                                    <width>400</width>
                                    <height>50</height>
                                    <texture>dialogs/shutdown/shadow.png</texture>
                                </control>
                                <control type="image">
                                    <left>-5</left>
                                    <top>375</top>
                                    <width>390</width>
                                    <height>110</height>
                                    <texture border="7">windows/home/tile.png</texture>
                                </control>
                                <control type="label">
                                    <left>20</left>
                                    <top>393</top>
                                    <width>340</width>
                                    <height>40</height>
                                    <font>Font-Condensed-S29-B</font>
                                    <label>$INFO[ListItem.Label]</label>
                                    <textcolor>ddwhite</textcolor>
                                    <shadowcolor>22000000</shadowcolor>
                                    <aligny>center</aligny>
                                    <scroll>false</scroll>
                                </control>
                                <control type="label">
                                    <left>20</left>
                                    <top>429</top>
                                    <width>340</width>
                                    <height>40</height>
                                    <font>Font-Condensed-S27</font>
                                    <label>$INFO[ListItem.Year,, • ]$INFO[ListItem.Genre]</label>
                                    <textcolor>99FFFFFF</textcolor>
                                    <shadowcolor>22000000</shadowcolor>
                                    <aligny>center</aligny>
                                    <scroll>false</scroll>
                                </control>
                            </control>
                            <control type="group">
                                <animation effect="fade" start="75" end="100" time="300" tween="sine" easing="inout">Focus</animation>
                                <animation effect="fade" start="100" end="75" time="300" tween="sine" easing="inout">UnFocus</animation>
                                <animation effect="fade" start="100" end="75" tween="sine" easing="inout" condition="!Control.HasFocus(50)">Conditional</animation>
                                <control type="image">
                                    <left>0</left>
                                    <top>0</top>
                                    <width>380</width>
                                    <height>380</height>
                                    <aspectratio>scale</aspectratio>
                                    <texture background="true" fallback="views/fallbacks/DefaultAlbumCover.png/square-large.png">$INFO[ListItem.Thumb]</texture>
                                </control>
                                <control type="image">
                                    <left>0</left>
                                    <top>379</top>
                                    <width>380</width>
                                    <height>1</height>
                                    <colordiffuse>99000000</colordiffuse>
                                    <texture>windows/common/black.png</texture>
                                </control>
                            </control>
                        </focusedlayout>
                        <itemlayout width="392" height="600" condition="Container.Content(songs)">
                            <control type="group">
                                <animation effect="fade" start="100" end="50" time="0" condition="true">Conditional</animation>
                                <control type="image">
                                    <description>Bottom shadow</description>
                                    <left>-10</left>
                                    <top>549</top>
                                    <width>400</width>
                                    <height>50</height>
                                    <texture>dialogs/shutdown/shadow.png</texture>
                                </control>
                                <control type="image">
                                    <left>-5</left>
                                    <top>375</top>
                                    <width>390</width>
                                    <height>174</height>
                                    <texture border="7">windows/home/tile.png</texture>
                                </control>
                                <control type="label">
                                    <left>20</left>
                                    <top>393</top>
                                    <width>340</width>
                                    <height>40</height>
                                    <font>Font-Condensed-S29-B</font>
                                    <label>$INFO[ListItem.Label]</label>
                                    <textcolor>ddwhite</textcolor>
                                    <shadowcolor>22000000</shadowcolor>
                                    <aligny>center</aligny>
                                    <scroll>false</scroll>
                                </control>
                                <control type="label">
                                    <left>20</left>
                                    <top>429</top>
                                    <width>340</width>
                                    <height>40</height>
                                    <font>Font-Condensed-S27</font>
                                    <label>$INFO[ListItem.Album]</label>
                                    <textcolor>99FFFFFF</textcolor>
                                    <shadowcolor>22000000</shadowcolor>
                                    <aligny>center</aligny>
                                    <scroll>false</scroll>
                                </control>
                                <control type="label">
                                    <left>20</left>
                                    <top>461</top>
                                    <width>340</width>
                                    <height>40</height>
                                    <font>Font-Condensed-S27</font>
                                    <label>$INFO[ListItem.Artist]</label>
                                    <textcolor>99FFFFFF</textcolor>
                                    <shadowcolor>22000000</shadowcolor>
                                    <aligny>center</aligny>
                                    <scroll>false</scroll>
                                </control>
                                <control type="label">
                                    <left>20</left>
                                    <top>493</top>
                                    <width>340</width>
                                    <height>40</height>
                                    <font>Font-Condensed-S27</font>
                                    <label>$INFO[ListItem.Year,, • ]$INFO[ListItem.Duration,, $LOCALIZE[12391]]</label>
                                    <textcolor>99FFFFFF</textcolor>
                                    <shadowcolor>22000000</shadowcolor>
                                    <aligny>center</aligny>
                                    <scroll>false</scroll>
                                </control>
                            </control>
                            <control type="group">
                                <animation effect="fade" start="100" end="75" time="0" condition="true">Conditional</animation>
                                <control type="image">
                                    <left>0</left>
                                    <top>0</top>
                                    <width>380</width>
                                    <height>380</height>
                                    <aspectratio>scale</aspectratio>
                                    <texture background="true" fallback="views/fallbacks/DefaultAudio.png/square-large.png">$INFO[ListItem.Thumb]</texture>
                                </control>
                                <control type="image">
                                    <left>0</left>
                                    <top>379</top>
                                    <width>380</width>
                                    <height>1</height>
                                    <colordiffuse>99000000</colordiffuse>
                                    <texture>windows/common/black.png</texture>
                                </control>
                            </control>
                        </itemlayout>
                        <focusedlayout width="392" height="600" condition="Container.Content(songs)">
                            <control type="button">
                                <onfocus>SetProperty(search_list,181,home)</onfocus>
                                <onfocus>SetProperty(fanart_image,$INFO[ListItem.Art(fanart)],home)</onfocus>
                            </control>
                            <control type="group">
                                <animation effect="fade" start="50" end="100" time="300" tween="sine" easing="inout">Focus</animation>
                                <animation effect="fade" start="100" end="50" time="300" tween="sine" easing="inout">UnFocus</animation>
                                <animation effect="fade" start="100" end="50" tween="sine" easing="inout" condition="!Control.HasFocus(50)">Conditional</animation>
                                <control type="image">
                                    <description>Bottom shadow</description>
                                    <left>-10</left>
                                    <top>549</top>
                                    <width>400</width>
                                    <height>50</height>
                                    <texture>dialogs/shutdown/shadow.png</texture>
                                </control>
                                <control type="image">
                                    <left>-5</left>
                                    <top>375</top>
                                    <width>390</width>
                                    <height>174</height>
                                    <texture border="7">windows/home/tile.png</texture>
                                </control>
                                <control type="label">
                                    <left>20</left>
                                    <top>393</top>
                                    <width>340</width>
                                    <height>40</height>
                                    <font>Font-Condensed-S29-B</font>
                                    <label>$INFO[ListItem.Label]</label>
                                    <textcolor>ddwhite</textcolor>
                                    <shadowcolor>22000000</shadowcolor>
                                    <aligny>center</aligny>
                                    <scroll>false</scroll>
                                </control>
                                <control type="label">
                                    <left>20</left>
                                    <top>429</top>
                                    <width>340</width>
                                    <height>40</height>
                                    <font>Font-Condensed-S27</font>
                                    <label>$INFO[ListItem.Album]</label>
                                    <textcolor>99FFFFFF</textcolor>
                                    <shadowcolor>22000000</shadowcolor>
                                    <aligny>center</aligny>
                                    <scroll>false</scroll>
                                </control>
                                <control type="label">
                                    <left>20</left>
                                    <top>461</top>
                                    <width>340</width>
                                    <height>40</height>
                                    <font>Font-Condensed-S27</font>
                                    <label>$INFO[ListItem.Artist]</label>
                                    <textcolor>99FFFFFF</textcolor>
                                    <shadowcolor>22000000</shadowcolor>
                                    <aligny>center</aligny>
                                    <scroll>false</scroll>
                                </control>
                                <control type="label">
                                    <left>20</left>
                                    <top>493</top>
                                    <width>340</width>
                                    <height>40</height>
                                    <font>Font-Condensed-S27</font>
                                    <label>$INFO[ListItem.Year,, • ]$INFO[ListItem.Duration,, $LOCALIZE[12391]]</label>
                                    <textcolor>99FFFFFF</textcolor>
                                    <shadowcolor>22000000</shadowcolor>
                                    <aligny>center</aligny>
                                    <scroll>false</scroll>
                                </control>
                            </control>
                            <control type="group">
                                <animation effect="fade" start="75" end="100" time="300" tween="sine" easing="inout">Focus</animation>
                                <animation effect="fade" start="100" end="75" time="300" tween="sine" easing="inout">UnFocus</animation>
                                <animation effect="fade" start="100" end="75" tween="sine" easing="inout" condition="!Control.HasFocus(50)">Conditional</animation>
                                <control type="image">
                                    <left>0</left>
                                    <top>0</top>
                                    <width>380</width>
                                    <height>380</height>
                                    <aspectratio>scale</aspectratio>
                                    <texture background="true" fallback="views/fallbacks/DefaultAudio.png/square-large.png">$INFO[ListItem.Thumb]</texture>
                                </control>
                                <control type="image">
                                    <left>0</left>
                                    <top>379</top>
                                    <width>380</width>
                                    <height>1</height>
                                    <colordiffuse>99000000</colordiffuse>
                                    <texture>windows/common/black.png</texture>
                                </control>
                            </control>
                        </focusedlayout>
                    </control>
                </control>
            </control>

            <include>CommonInfoNoOptions</include>

            <control type="list" id="9000">
                <description>Category menu</description>
                <visible>Integer.IsGreater(Container(9000).NumItems,1) + !Control.IsVisible(999) + !Window.IsActive(movieinformation) + !Window.IsActive(musicinformation) + !Window.IsActive(addoninformation)</visible>
                <animation type="WindowOpen">
                    <effect type="fade" start="0" end="100" time="300" tween="sine" easing="in"  />
                    <effect type="slide" start="0,-75" end="0,0" time="350" tween="cubic" easing="out" />
                </animation>
                <animation type="Visible">
                    <effect type="fade" start="0" end="100" time="300" tween="sine" easing="in" delay="300" />
                    <effect type="slide" start="0,-75" end="0,0" time="350" tween="sine" easing="out" delay="300" />
                </animation>
                <animation type="WindowClose">
                    <effect type="fade" start="100" end="0" time="250" tween="sine" easing="out" />
                    <effect type="slide" start="0,0" end="0,-75" time="300" tween="sine" easing="out" />
                </animation>
                <animation type="Hidden">
                    <effect type="fade" start="100" end="0" time="250" tween="sine" easing="out" />
                    <effect type="slide" start="0,0" end="0,-75" time="300" tween="sine" easing="out" />
                </animation>
                <animation type="Conditional" condition="!Window.IsActive(movieinformation) + !Window.IsActive(musicinformation) + !Window.IsActive(addoninformation)">
                    <effect type="fade" start="0" end="100" tween="sine" easing="inout" time="200" />
                    <effect type="zoom" start="100,229,1720,1" end="100,170,1720,70" tween="sine" easing="out" time="200" />
                </animation>
                <animation type="Conditional" condition="Window.IsActive(movieinformation) | Window.IsActive(musicinformation) | Window.IsActive(addoninformation)">
                    <effect type="fade" start="100" end="0" tween="sine" easing="inout" time="200" />
                    <effect type="zoom" start="100,170,1720,70" end="100,229,1720,1" tween="sine" easing="out" time="200" />
                </animation>
                <left>110</left>
                <top>200</top>
                <width>1700</width>
                <height>70</height>
                <orientation>horizontal</orientation>
                <itemgap>45</itemgap>
                <align>center</align>
                <usecontrolcoords>true</usecontrolcoords>
                <onup>50</onup>
                <ondown>50</ondown>
                <itemlayout width="300" height="100">
                    <control type="label">
                        <width>300</width>
                        <height>100</height>
                        <font>Font-Condensed-S36</font>
                        <textcolor>bbwhite</textcolor>
                        <focusedcolor>bbwhite</focusedcolor>
                        <shadowcolor>77000000</shadowcolor>
                        <align>left</align>
                        <aligny>top</aligny>
                        <label>$INFO[ListItem.Label] $INFO[ListItem.Label2,(,)]</label>
                        <animation effect="fade" start="100" end="30" time="300" tween="cubic" easing="inout" condition="true">Conditional</animation>
                    </control>
                </itemlayout>
                <focusedlayout width="300" height="100">
                    <control type="label">
                        <width>300</width>
                        <height>100</height>
                        <font>Font-Condensed-S36</font>
                        <textcolor>bbwhite</textcolor>
                        <focusedcolor>bbwhite</focusedcolor>
                        <shadowcolor>77000000</shadowcolor>
                        <align>left</align>
                        <aligny>top</aligny>
                        <label>$INFO[ListItem.Label] $INFO[ListItem.Label2,(,)]</label>
                        <animation effect="fade" start="100" end="30" time="300" tween="cubic" easing="inout" condition="!Control.HasFocus(9000)">Conditional</animation>
                    </control>
                </focusedlayout>
            </control>
        </control>
    </controls>
</window>
