<?xml version="1.0" encoding="UTF-8"?>
<includes>

    <!-- ========= -->
    <!-- List (50) -->
    <!-- ========= -->
    <include name="Viewtype-AddonList">

        <control type="group">
            <visible>Control.IsVisible(50) + !Window.IsActive(addoninformation) + !Window.IsActive(favouritesbrowser)</visible>
            <include>CommonViewAnimations</include>
            <include>OptionsShutdownAnimation</include>

            <control type="image">
                <posx>248</posx>
                <posy>187</posy>
                <height>704</height>
                <width>1424</width>
                <texture border="3">views/list/panel/panel.png</texture>
                <include>visiblehidefadeinfo</include>
            </control>
            <control type="image">
                <description>Shadow</description>
                <posx>150</posx>
                <posy>883</posy>
                <width>1620</width>
                <height>150</height>
                <texture>windows/home/item-shadow.png</texture>
            </control>

            <control type="list" id="50">
                <posx>250</posx>
                <posy>190</posy>
                <height>700</height>
                <width>1420</width>
                <pagecontrol>70</pagecontrol>
                <onleft condition="!Skin.HasSetting(KioskMode)">9010</onleft>
                <onleft condition="Skin.HasSetting(KioskMode)">50</onleft>
                <onright condition="Control.IsVisible(70)">70</onright>
                <onright condition="!Control.IsVisible(70) + !Skin.HasSetting(KioskMode)">9010</onright>
                <onup>50</onup>
                <ondown>50</ondown>
                <viewtype label="31961">List</viewtype>
                <scrolltime tween="cubic" easing="out">500</scrolltime>
                <preloaditems>2</preloaditems>
                <itemlayout height="100">
                    <control type="image">
                        <description>List separator</description>
                        <posx>0</posx>
                        <posy>0</posy>
                        <width>1420</width>
                        <height>101</height>
                        <texture border="90,3,90,3">views/list/other/separator.png</texture>
                    </control>
                    <control type="label">
                        <description>Label</description>
                        <posx>140</posx>
                        <posy>0</posy>
                        <width>1250</width>
                        <height>100</height>
                        <font>Font-Condensed-S34-B</font>
                        <align>left</align>
                        <label>$INFO[ListItem.Label]</label>
                        <textcolor>aawhite</textcolor>
                        <scroll>false</scroll>
                        <visible>!String.IsEmpty(ListItem.Icon)</visible>
                    </control>
                    <control type="label">
                        <description>Label 2</description>
                        <posx>140</posx>
                        <posy>0</posy>
                        <width>1250</width>
                        <height>98</height>
                        <font>Font-Condensed-S36</font>
                        <align>right</align>
                        <label>$VAR[AddonLabel2]</label>
                        <textcolor>99FFFFFF</textcolor>
                        <scroll>false</scroll>
                    </control>
                    <control type="image">
                        <posx>30</posx>
                        <posy>8</posy>
                        <width>85</width>
                        <height>85</height>
                        <texture background="true">$INFO[ListItem.Icon]</texture>
                        <aspectratio>keep</aspectratio>
                    </control>
                </itemlayout>
                <focusedlayout height="100">
                    <control type="image">
                        <description>List separator</description>
                        <posx>0</posx>
                        <posy>0</posy>
                        <width>1420</width>
                        <height>101</height>
                        <texture border="90,3,90,3">views/list/other/separator.png</texture>
                    </control>
                    <control type="image">
                        <posx>0</posx>
                        <posy>0</posy>
                        <width>1420</width>
                        <height>99</height>
                        <texture border="150,1,150,1">views/other/focus.png</texture>
                        <include>defaultfocusanim</include>
                        <include>visiblehidefadeinfo</include>
                        <visible>Control.HasFocus(50)</visible>
                    </control>
                    <control type="image">
                        <posx>30</posx>
                        <posy>8</posy>
                        <width>85</width>
                        <height>85</height>
                        <texture background="true">$INFO[ListItem.Icon]</texture>
                        <aspectratio>keep</aspectratio>
                    </control>
                    <control type="group">
                        <animation effect="fade" start="100" end="71.5" time="300" tween="sine" easing="inout" condition="!Control.HasFocus(50)">Conditional</animation>
                        <control type="label">
                            <description>Label</description>
                            <posx>140</posx>
                            <posy>0</posy>
                            <width>1250</width>
                            <height>100</height>
                            <font>Font-Condensed-S34-B</font>
                            <align>left</align>
                            <label>$INFO[ListItem.Label]</label>
                            <textcolor>eewhite</textcolor>
                            <animation type="Focus" condition="Container(50).OnNext | Container(50).OnPrevious" reversible="false">
                                <effect type="fade" start="71.5" end="100" time="500" tween="sine" easing="inout" />
                            </animation>
                        </control>
                        <control type="label">
                            <description>Label 2</description>
                            <posx>140</posx>
                            <posy>0</posy>
                            <width>1250</width>
                            <height>98</height>
                            <font>Font-Condensed-S36</font>
                            <align>right</align>
                            <label>$VAR[AddonLabel2]</label>
                            <textcolor>D4FFFFFF</textcolor>
                            <scroll>false</scroll>
                            <animation type="Focus" condition="[Container(50).OnNext | Container(50).OnPrevious] + !String.IsEqual(ListItem.Label2,$LOCALIZE[24098]) + !String.IsEqual(ListItem.Label2,$LOCALIZE[24068]) + !String.IsEqual(ListItem.Label2,$LOCALIZE[305])" reversible="false">
                                <effect type="fade" start="71.5" end="100" time="500" tween="sine" easing="inout" />
                            </animation>
                        </control>
                    </control>
                </focusedlayout>
            </control>

            <!--Scrollbar-->
            <control type="scrollbar" id="70">
                <description>Scrollbar</description>
                <posx>1664</posx>
                <posy>190</posy>
                <width>6</width>
                <height>700</height>
                <onleft condition="!Control.IsVisible(500) | [Control.IsVisible(500) + Skin.HasSetting(KioskMode)]">50</onleft>
                <onleft condition="Control.IsVisible(500) + !Skin.HasSetting(KioskMode)">9010</onleft>
                <onright condition="!Skin.HasSetting(KioskMode)">9010</onright>
                <onright condition="Skin.HasSetting(KioskMode)">50</onright>
                <ondown condition="!Skin.HasSetting(KioskMode)">9010</ondown>
                <ondown condition="Skin.HasSetting(KioskMode)">50</ondown>
                <texturesliderbar border="1">views/other/scrollbar-sq.png</texturesliderbar>
                <texturesliderbarfocus border="1">views/other/scrollbar-sq.png</texturesliderbarfocus>
                <orientation>vertical</orientation>
                <showonepage>false</showonepage>
                <animation effect="fade" start="45" end="0" time="300" tween="sine" easing="inout" condition="!Control.IsVisible(9772)">Conditional</animation>
                <visible>Control.IsVisible(50)</visible>
            </control>
        </control>
    </include>

    <!-- ============== -->
    <!-- Thumbnail (500) -->
    <!-- ============== -->
    <include name="Viewtype-AddonThumbnail">
        <control type="group">
            <include>FullscreenDimensions</include>
            <include>OptionsShutdownAnimation</include>
            <control type="group">
                <visible>Control.IsVisible(500) + !Window.IsActive(addoninformation) + !Window.IsActive(script-script.extendedinfo-DialogInfo.xml) + !Window.IsActive(script-script.extendedinfo-DialogVideoInfo.xml) + String.IsEmpty(Window(Home).Property(script.metadata.actors.hasparent)) + !Window.IsActive(favouritesbrowser)</visible>
                <animation type="WindowOpen">
                    <effect type="slide" start="200" end="0" tween="cubic" easing="out" time="650" />
                    <effect type="fade" start="0" end="100" tween="sine" easing="inout" time="300" />
                    <effect type="zoom" start="90" end="100" center="792,538" tween="cubic" easing="out" time="400" />
                </animation>
                <animation type="Visible" condition="String.IsEmpty(Window(home).property(NoAnimation)) + !Window.Next(visualisation)" reversible="false">
                    <effect type="slide" start="200" end="0" tween="cubic" easing="out" time="650" delay="300" />
                    <effect type="fade" start="0" end="100" tween="sine" easing="inout" time="300" delay="300" />
                    <effect type="zoom" start="90" end="100" center="792,538" tween="cubic" easing="out" time="400" delay="300" />
                </animation>
                <include>GuideNoAnimation</include>
                <animation type="WindowClose">
                    <effect type="fade" start="100" end="0" time="300" tween="sine" easing="out" />
                    <effect type="zoom" start="100" end="85" time="300" center="960,600" tween="sine" easing="out" />
                </animation>
                <animation type="Hidden" reversible="false">
                    <effect type="zoom" start="100" end="125" center="960,600" tween="sine" easing="out" time="350" />
                    <effect type="fade" start="100" end="0" tween="cubic" easing="out" time="250" />
                </animation>
                <animation effect="slide" end="488" time="400" tween="cubic" easing="inout" condition="[Integer.IsEqual(Container(500).NumItems,1) + !System.GetBool(filelists.showparentdiritems)] | [Integer.IsEqual(Container(500).NumItems,0) + System.GetBool(filelists.showparentdiritems)]">Conditional</animation>
                <animation effect="slide" end="366" time="400" tween="cubic" easing="inout" condition="[Integer.IsEqual(Container(500).NumItems,2) + !System.GetBool(filelists.showparentdiritems)] | [Integer.IsEqual(Container(500).NumItems,1) + System.GetBool(filelists.showparentdiritems)]">Conditional</animation>
                <animation effect="slide" end="244" time="400" tween="cubic" easing="inout" condition="[Integer.IsEqual(Container(500).NumItems,3) + !System.GetBool(filelists.showparentdiritems)] | [Integer.IsEqual(Container(500).NumItems,2) + System.GetBool(filelists.showparentdiritems)]">Conditional</animation>
                <animation effect="slide" end="122" time="400" tween="cubic" easing="inout" condition="[Integer.IsEqual(Container(500).NumItems,4) + !System.GetBool(filelists.showparentdiritems)] | [Integer.IsEqual(Container(500).NumItems,3) + System.GetBool(filelists.showparentdiritems)]">Conditional</animation>
                <control type="image">
                    <description>Shadow</description>
                    <posx>-125</posx>
                    <posy>890</posy>
                    <width>2170</width>
                    <height>150</height>
                    <texture>windows/home/item-shadow.png</texture>
                    <animation effect="zoom" end="-125,890,1194,150" time="400" tween="cubic" easing="inout" condition="[Integer.IsEqual(Container(500).NumItems,1) + !System.GetBool(filelists.showparentdiritems)] | [Integer.IsEqual(Container(500).NumItems,0) + System.GetBool(filelists.showparentdiritems)]">Conditional</animation>
                    <animation effect="zoom" end="-125,890,1438,150" time="400" tween="cubic" easing="inout" condition="[IInteger.IsEqual(Container(500).NumItems,2) + !System.GetBool(filelists.showparentdiritems)] | [Integer.IsEqual(Container(500).NumItems,1) + System.GetBool(filelists.showparentdiritems)]">Conditional</animation>
                    <animation effect="zoom" end="-125,890,1682,150" time="400" tween="cubic" easing="inout" condition="[Integer.IsEqual(Container(500).NumItems,3) + !System.GetBool(filelists.showparentdiritems)] | [Integer.IsEqual(Container(500).NumItems,2) + System.GetBool(filelists.showparentdiritems)]">Conditional</animation>
                    <animation effect="zoom" end="-125,890,1926,150" time="400" tween="cubic" easing="inout" condition="[Integer.IsEqual(Container(500).NumItems,4) + !System.GetBool(filelists.showparentdiritems)] | [Integer.IsEqual(Container(500).NumItems,3) + System.GetBool(filelists.showparentdiritems)]">Conditional</animation>
                </control>
                <control type="panel" id="500">
                    <posx>100</posx>
                    <posy>174</posy>
                    <width>1232</width>
                    <height>744</height>
                    <pagecontrol>70</pagecontrol>
                    <scrolltime tween="cubic" easing="out">500</scrolltime>
                    <orientation>vertical</orientation>
                    <viewtype label="31969">list</viewtype>
                    <onleft>70</onleft>
                    <onright condition="!Skin.HasSetting(KioskMode)">9010</onright>
                    <onright condition="Skin.HasSetting(KioskMode)">500</onright>
                    <onup>500</onup>
                    <ondown>500</ondown>
                    <preloaditems>2</preloaditems>
                    <visible>Container.HasFiles + Container.Content(addons)</visible>
                    <itemlayout width="244" height="244">
                        <control type="image">
                            <description>Folder Back</description>
                            <posx>12</posx>
                            <posy>12</posy>
                            <width>232</width>
                            <height>232</height>
                            <texture background="true">views/fallbacks/DefaultFolderBack.png/square-small.png</texture>
                            <colordiffuse>eewhite</colordiffuse>
                            <aspectratio>scale</aspectratio>
                            <visible>String.IsEqual(ListItem.Label,..)</visible>
                        </control>
                        <control type="image">
                            <description>Poster</description>
                            <posx>12</posx>
                            <posy>12</posy>
                            <width>232</width>
                            <height>232</height>
                            <bordertexture border="1">windows/common/darkgrey.png</bordertexture>
                            <texture background="true" fallback="views/fallbacks/DefaultAddon.png/square-small.png">$INFO[ListItem.Thumb]</texture>
                            <colordiffuse>eewhite</colordiffuse>
                            <aspectratio>scale</aspectratio>
                            <visible>!String.IsEqual(ListItem.Label,..)</visible>
                        </control>
                        <control type="image">
                            <posx>169</posx>
                            <posy>12</posy>
                            <width>75</width>
                            <height>75</height>
                            <texture>$VAR[AddonOverlay]</texture>
                        </control>
                    </itemlayout>
                    <focusedlayout width="244" height="244">
                        <control type="group">
                            <animation type="Focus">
                                <effect type="fade" start="93.36" end="100" time="200" tween="sine" easing="in" />
                            </animation>
                            <animation type="Unfocus">
                                <effect type="fade" start="100" end="93.36" time="200" tween="sine" easing="out" />
                            </animation>
                            <control type="image">
                                <description>Folder Back</description>
                                <posx>12</posx>
                                <posy>12</posy>
                                <width>232</width>
                                <height>232</height>
                                <texture background="true">views/fallbacks/DefaultFolderBack.png/square-small.png</texture>
                                <aspectratio>scale</aspectratio>
                                <visible>String.IsEqual(ListItem.Label,..)</visible>
                            </control>
                            <control type="image">
                                <description>Poster</description>
                                <posx>12</posx>
                                <posy>12</posy>
                                <width>232</width>
                                <height>232</height>
                                <bordertexture border="1">windows/common/darkgrey.png</bordertexture>
                                <texture background="true" fallback="views/fallbacks/DefaultAddon.png/square-small.png">$INFO[ListItem.Thumb]</texture>
                                <aspectratio>scale</aspectratio>
                                <visible>!String.IsEqual(ListItem.Label,..)</visible>
                            </control>
                            <control type="image">
                                <posx>169</posx>
                                <posy>12</posy>
                                <width>75</width>
                                <height>75</height>
                                <texture>$VAR[AddonOverlay]</texture>
                            </control>
                            <control type="image">
                                <posx>0</posx>
                                <posy>0</posy>
                                <width>256</width>
                                <height>256</height>
                                <texture border="31">views/panel/focus.png</texture>
                                <animation type="Focus">
                                    <effect type="zoom" start="90" end="100" time="200" tween="sine" easing="inout" center="auto" />
                                    <effect type="fade" start="0" end="100" time="200" tween="sine" easing="in" />
                                </animation>
                                <animation type="Unfocus">
                                    <effect type="zoom" start="100" end="90" time="200" tween="sine" easing="inout" center="auto" />
                                    <effect type="fade" start="100" end="0" time="200" tween="sine" easing="out" />
                                </animation>
                            </control>
                        </control>
                    </focusedlayout>
                </control>
            </control>
            <control type="group">
                <visible>Control.IsVisible(500) + !Window.IsActive(addoninformation) + !Window.IsActive(script-script.extendedinfo-DialogInfo.xml) + !Window.IsActive(script-script.extendedinfo-DialogVideoInfo.xml) + String.IsEmpty(Window(Home).Property(script.metadata.actors.hasparent)) + !Window.IsActive(favouritesbrowser)</visible>
                <animation type="WindowOpen">
                    <effect type="slide" start="200" end="0" tween="cubic" easing="out" time="545" delay="105" />
                    <effect type="fade" start="0" end="100" tween="sine" easing="inout" time="300" delay="105" />
                    <effect type="zoom" start="90" end="100" center="1570,538" tween="cubic" easing="out" time="400" delay="105" />
                </animation>
                <animation type="Visible" condition="String.IsEmpty(Window(home).property(NoAnimation)) + !Window.Next(visualisation)" reversible="false">
                    <effect type="slide" start="200" end="0" tween="cubic" easing="out" time="545" delay="405" />
                    <effect type="fade" start="0" end="100" tween="sine" easing="inout" time="300" delay="405" />
                    <effect type="zoom" start="90" end="100" center="1570,538" tween="cubic" easing="out" time="400" delay="405" />
                </animation>
                <include>GuideNoAnimation</include>
                <animation type="WindowClose">
                    <effect type="fade" start="100" end="0" time="300" tween="sine" easing="out" />
                    <effect type="zoom" start="100" end="85" time="300" center="960,600" tween="sine" easing="out" />
                </animation>
                <animation type="Hidden" reversible="false">
                    <effect type="zoom" start="100" end="125" center="960,600" tween="sine" easing="out" time="350" />
                    <effect type="fade" start="100" end="0" tween="cubic" easing="out" time="250" />
                </animation>
                <animation effect="slide" end="-488" time="400" tween="cubic" easing="inout" condition="[Integer.IsEqual(Container(500).NumItems,1) + !System.GetBool(filelists.showparentdiritems)] | [Integer.IsEqual(Container(500).NumItems,0) + System.GetBool(filelists.showparentdiritems)]">Conditional</animation>
                <animation effect="slide" end="-366" time="400" tween="cubic" easing="inout" condition="[Integer.IsEqual(Container(500).NumItems,2) + !System.GetBool(filelists.showparentdiritems)] | [Integer.IsEqual(Container(500).NumItems,1) + System.GetBool(filelists.showparentdiritems)]">Conditional</animation>
                <animation effect="slide" end="-244" time="400" tween="cubic" easing="inout" condition="[Integer.IsEqual(Container(500).NumItems,3) + !System.GetBool(filelists.showparentdiritems)] | [Integer.IsEqual(Container(500).NumItems,2) + System.GetBool(filelists.showparentdiritems)]">Conditional</animation>
                <animation effect="slide" end="-122" time="400" tween="cubic" easing="inout" condition="[Integer.IsEqual(Container(500).NumItems,4) + !System.GetBool(filelists.showparentdiritems)] | [Integer.IsEqual(Container(500).NumItems,3) + System.GetBool(filelists.showparentdiritems)]">Conditional</animation>
                <control type="image">
                    <description>Poster</description>
                    <posx>1332</posx>
                    <posy>186</posy>
                    <width>476</width>
                    <height>476</height>
                    <bordertexture border="1">windows/common/darkgrey.png</bordertexture>
                    <texture background="true">$VAR[SquareThumbLarge]</texture>
                    <fadetime>500</fadetime>
                    <aspectratio>scale</aspectratio>
                </control>
                <control type="image">
                    <posx>1332</posx>
                    <posy>186</posy>
                    <width>476</width>
                    <height>476</height>
                    <texture>views/list/other/fanart-overlay.png</texture>
                    <colordiffuse>eewhite</colordiffuse>
                </control>
                <control type="image">
                    <posx>1708</posx>
                    <posy>186</posy>
                    <width>100</width>
                    <height>100</height>
                    <texture>$VAR[AddonOverlay]</texture>
                </control>
                <control type="image">
                    <posx>1327</posx>
                    <posy>669</posy>
                    <width>486</width>
                    <height>242</height>
                    <texture border="7">windows/home/tile.png</texture>
                </control>
                <control type="image">
                    <posx>1332</posx>
                    <posy>674</posy>
                    <width>476</width>
                    <height>74</height>
                    <texture border="2">views/extended/overlay.png</texture>
                </control>
                <control type="group">
                    <posx>1332</posx>
                    <posy>674</posy>
                    <control type="label">
                        <posx>25</posx>
                        <posy>-94</posy>
                        <width>426</width>
                        <height>74</height>
                        <font>Font-Condensed-S45</font>
                        <label>$INFO[ListItem.Label]</label>
                        <textcolor>bbwhite</textcolor>
                        <shadowcolor>22000000</shadowcolor>
                        <scroll>false</scroll>
                    </control>
                    <control type="label">
                        <posx>25</posx>
                        <posy>0</posy>
                        <width>426</width>
                        <height>74</height>
                        <font>Font-Condensed-S30</font>
                        <label>$INFO[ListItem.AddonSummary]</label>
                        <textcolor>bbwhite</textcolor>
                        <shadowcolor>22000000</shadowcolor>
                        <scroll>false</scroll>
                    </control>
                    <control type="button">
                        <posx>25</posx>
                        <posy>74</posy>
                        <width>426</width>
                        <height>74</height>
                        <align>left</align>
                        <font>Font-Condensed-S30</font>
                        <label>$LOCALIZE[146]</label>
                        <label2>[B]$INFO[ListItem.AddonType][/B]</label2>
                        <textcolor>99FFFFFF</textcolor>
                        <shadowcolor>22000000</shadowcolor>
                    </control>
                    <control type="button">
                        <posx>25</posx>
                        <posy>114</posy>
                        <width>426</width>
                        <height>74</height>
                        <align>left</align>
                        <font>Font-Condensed-S30</font>
                        <label>$LOCALIZE[21863]:</label>
                        <label2>[B]$INFO[ListItem.AddonCreator][/B]</label2>
                        <textcolor>99FFFFFF</textcolor>
                        <shadowcolor>22000000</shadowcolor>
                    </control>
                    <control type="button">
                        <posx>25</posx>
                        <posy>154</posy>
                        <width>426</width>
                        <height>74</height>
                        <align>left</align>
                        <font>Font-Condensed-S30</font>
                        <label>$LOCALIZE[24051]</label>
                        <label2>[B]$INFO[ListItem.AddonVersion][/B]</label2>
                        <textcolor>99FFFFFF</textcolor>
                        <shadowcolor>22000000</shadowcolor>
                    </control>
                </control>
                <control type="image">
                    <description>Scrollbar background (visible on focus)</description>
                    <posx>90</posx>
                    <posy>186</posy>
                    <width>6</width>
                    <height>720</height>
                    <texture border="1">views/other/scrollbar-sq.png</texture>
                    <visible>Control.IsVisible(500) + Control.HasFocus(70)</visible>
                    <animation effect="fade" start="0" end="25" time="300" tween="sine" easing="inout">Visible</animation>
                    <animation effect="fade" start="25" end="0" time="300" tween="sine" easing="inout">Hidden</animation>
                </control>
                <control type="scrollbar" id="70">
                    <description>Scrollbar</description>
                    <posx>90</posx>
                    <posy>186</posy>
                    <width>6</width>
                    <height>720</height>
                    <orientation>vertical</orientation>
                    <texturesliderbar border="1">views/other/scrollbar-sq.png</texturesliderbar>
                    <texturesliderbarfocus border="1">views/other/scrollbar-sq.png</texturesliderbarfocus>
                    <showonepage>false</showonepage>
                    <onright>500</onright>
                    <onleft condition="!Skin.HasSetting(KioskMode)">9010</onleft>
                    <onleft condition="Skin.HasSetting(KioskMode)">500</onleft>
                    <animation effect="fade" start="50" end="0" time="300" tween="sine" easing="inout" condition="!Control.IsVisible(9772)">Conditional</animation>
                    <visible>Control.IsVisible(500)</visible>
                </control>
            </control>
        </control>
    </include>
</includes>
