<?xml version="1.0" encoding="UTF-8" standalone="yes"?>
<addon id="repository.melies" name="Melies Addon repository" version="0.6" provider-name="luizoti">
    <extension point="xbmc.addon.repository" name="Example Repository">
        <dir>
            <info compressed="false">https://raw.githubusercontent.com/luizoti/repository.melies/master/matrix/zips/addons.xml</info>
            <checksum>https://raw.githubusercontent.com/luizoti/repository.melies/master/matrix/zips/addons.xml.md5</checksum>
            <datadir zip="true">https://raw.githubusercontent.com/luizoti/repository.melies/master/matrix/zips/</datadir>
        </dir>
        <dir minversion="19.0.0">
            <info compressed="false">https://raw.githubusercontent.com/luizoti/repository.melies/master/matrix/zips/addons.xml</info>
            <checksum>https://raw.githubusercontent.com/luizoti/repository.melies/master/matrix/zips/addons.xml.md5</checksum>
            <datadir zip="true">https://raw.githubusercontent.com/luizoti/repository.melies/master/matrix/zips/</datadir>
        </dir>
    </extension>
    <extension point="xbmc.addon.metadata">
        <summary>Melies Addon repository</summary>
        <description>Addon repo to store custon addons.</description>
        <disclaimer></disclaimer>
        <platform>all</platform>
        <assets>
            <icon>icon.png</icon>
            <fanart>fanart.jpg</fanart>
        </assets>
    </extension>
</addon>