<?xml version="1.0" encoding="UTF-8"?>
<includes>
    <variable name="ClockDateTimeValue">
        <value condition="!Skin.HasSetting(Guide.HideClockDate)">[B]$INFO[System.Date,, • ]$INFO[System.Time][/B]</value>
        <value condition="Skin.HasSetting(Guide.HideClockDate)">[B]$INFO[System.Time][/B]</value>
    </variable>

    <include name="OptionsMenu">
        <control type="group" id="9000">
            <posx>63</posx>
            <posy>517</posy>
            <include>OptionsAnimations</include>
            <control type="group">
                <include>OptionsPanelAnimations</include>
                <control type="image">
                    <description>shadow image</description>
                    <posx>5</posx>
                    <posy>505</posy>
                    <height>60</height>
                    <width>442</width>
                    <texture>dialogs/shutdown/shadow.png</texture>
                    <aspectratio>stretch</aspectratio>
                </control>
                <control type="image">
                    <description>background image</description>
                    <posx>0</posx>
                    <posy>0</posy>
                    <height>540</height>
                    <width>442</width>
                    <texture>dialogs/shutdown/shutdown.png</texture>
                    <aspectratio>stretch</aspectratio>
                </control>
            </control>

            <nested />

            <control type="group">
                <include>GeneralOptionsAnimations</include>
                <control type="image">
                    <posx>9</posx>
                    <posy>433</posy>
                    <width>100</width>
                    <height>100</height>
                    <texture>buttons/options_nofo.png</texture>
                </control>
                <control type="label">
                    <posx>94</posx>
                    <posy>433</posy>
                    <width>300</width>
                    <height>100</height>
                    <label>$LOCALIZE[31600]</label>
                    <font>Font-Condensed-S34-B</font>
                    <textcolor>eewhite</textcolor>
                    <shadowcolor>22000000</shadowcolor>
                </control>
            </control>
            <control type="group">
                <include>SpecificOptionsAnimations</include>
                <control type="image">
                    <posx>9</posx>
                    <posy>433</posy>
                    <width>100</width>
                    <height>100</height>
                    <texture>buttons/options_nofo.png</texture>
                </control>
                <control type="label">
                    <posx>94</posx>
                    <posy>433</posy>
                    <width>300</width>
                    <height>100</height>
                    <label>$LOCALIZE[31924]</label>
                    <font>Font-Condensed-S34-B</font>
                    <textcolor>eewhite</textcolor>
                    <shadowcolor>22000000</shadowcolor>
                </control>
            </control>
            <control type="group">
                <include>ViewOptionsAnimations</include>
                <control type="image">
                    <posx>9</posx>
                    <posy>433</posy>
                    <width>100</width>
                    <height>100</height>
                    <texture>buttons/options_nofo.png</texture>
                </control>
                <control type="label">
                    <posx>94</posx>
                    <posy>433</posy>
                    <width>300</width>
                    <height>100</height>
                    <label>$LOCALIZE[31930]</label>
                    <font>Font-Condensed-S34-B</font>
                    <textcolor>eewhite</textcolor>
                    <shadowcolor>22000000</shadowcolor>
                </control>
            </control>
        </control>
    </include>

    <variable name="OptionsMenuButtonTexture">
        <value condition="Window.IsActive(programs) + [Control.IsVisible(50) | Control.IsVisible(52) | Control.IsVisible(53) | Control.IsVisible(60) | Control.IsVisible(61) | Control.IsVisible(502)]">buttons/options-leftright.png</value>
        <value condition="Window.IsActive(programs) + [Control.IsVisible(56) | Control.IsVisible(57) | Control.IsVisible(58)]">buttons/options-updown.png</value>
        <value condition="Window.IsActive(SettingsCategory.xml) | Control.IsVisible(50) | Control.IsVisible(52) | Control.IsVisible(60) | Control.IsVisible(500) | Control.IsVisible(501)">buttons/options-leftright.png</value>
        <value condition="Control.IsVisible(53) | Control.IsVisible(54) | Control.IsVisible(55) | Control.IsVisible(502) | Window.IsActive(weather)">buttons/options-updown.png</value>
        <value>buttons/options_nofo.png</value>
    </variable>

    <include name="OptionsMenuButton">
        <control type="group">
            <description>Options Buttons</description>
            <include>Animation_OptionsButton</include>
            <posx>72</posx>
            <posy>955</posy>
            <control type="button" id="9010">
                <description>Options Button</description>
                <width>100</width>
                <height>100</height>
                <onleft>50</onleft>
                <onright>50</onright>
                <onup>50</onup>
                <ondown>50</ondown>
                <texturefocus></texturefocus>
                <texturenofocus></texturenofocus>
                <onfocus>SetFocus(9111)</onfocus>
            </control>
            <control type="image">
                <description>Options Button texture</description>
                <width>100</width>
                <height>100</height>
                <texture>$VAR[OptionsMenuButtonTexture]</texture>
                <include>homebuttonsanim3</include>
                <visible>!Window.IsActive(DialogPVRInfo.xml) + !Window.IsVisible(movieinformation) + !Window.IsVisible(script-script.extendedinfo-DialogInfo.xml) + !Window.IsVisible(script-script.extendedinfo-DialogVideoInfo.xml) + !Window.IsVisible(addoninformation) + !Window.IsVisible(musicinformation) + !Window.IsVisible(songinformation) + !Window.IsVisible(1122) + !Window.IsActive(favourites)</visible>
            </control>
            <control type="label">
                <description>Options Label</description>
                <posx>85</posx>
                <posy>0</posy>
                <width>180</width>
                <height>100</height>
                <label>$LOCALIZE[31600]</label>
                <font>Font-Condensed-S34-B</font>
                <textcolor>eewhite</textcolor>
                <shadowcolor>22000000</shadowcolor>
                <include>homebuttonsanim4</include>
                <visible>!Window.IsActive(DialogPVRInfo.xml) + !Window.IsVisible(movieinformation) + !Window.IsVisible(script-script.extendedinfo-DialogInfo.xml) + !Window.IsVisible(script-script.extendedinfo-DialogVideoInfo.xml) + !Window.IsVisible(addoninformation) + !Window.IsVisible(musicinformation) + !Window.IsVisible(songinformation) + !Window.IsVisible(1122) + !Window.IsActive(favourites)</visible>
            </control>
        </control>
    </include>

    <variable name="NowPlayingTitle">
        <value condition="Player.HasVideo + !Pvr.IsPlayingTv">$INFO[VideoPlayer.Title]</value>
        <value condition="Player.HasVideo + Pvr.IsPlayingTv">$INFO[VideoPlayer.ChannelName,,: ]$INFO[VideoPlayer.Title]</value>
        <value>$INFO[MusicPlayer.Title]</value>
    </variable>

    <variable name="NowPlayingSubTitle">
        <value condition="Player.HasVideo + !Pvr.IsPlayingTv">$INFO[Player.FinishTime,$LOCALIZE[31371] ,]</value>
        <value condition="Player.HasVideo + Pvr.IsPlayingTv">$INFO[VideoPlayer.NextTitle,$LOCALIZE[19031]: ,]$INFO[VideoPlayer.NextStartTime, (,)]</value>
        <value condition="Player.HasAudio + !Pvr.IsPlayingRadio">$INFO[MusicPlayer.Artist]</value>
        <value condition="Player.HasAudio + Pvr.IsPlayingRadio">$INFO[MusicPlayer.ChannelName]</value>
    </variable>

    <include name="CommonNowPlaying">
        <control type="group">
            <posx>1741</posx>
            <posy>26</posy>
            <include>BannerListInfoAnimationNoOpenClose</include>
            <visible>Player.HasMedia + String.IsEmpty(Window(10025).Property(PlayingBackgroundMedia)) + !Window.IsActive(visualisation)</visible>
            <animation effect="slide" end="-76" time="300" tween="sine" easing="inout" condition="Window.IsActive(busydialog)">Conditional</animation>
            <animation type="Conditional" condition="Window.IsActive(notification) | Window.IsActive(extendedprogressdialog) | Window.IsActive(volumebar)">
                <effect type="fade" start="100" end="8" tween="sine" easing="out" time="300" />
                <effect type="zoom" start="100" end="50" center="1745,100" tween="sine" easing="inout" time="300" />
            </animation>
            <control type="group">
                <control type="label">
                    <description>Title label</description>
                    <posx>0</posx>
                    <posy>0</posy>
                    <width>771</width>
                    <height>120</height>
                    <label>$VAR[NowPlayingTitle]</label>
                    <font>Font-Condensed-S36-B</font>
                    <textcolor>C0FFFFFF</textcolor>
                    <scroll>false</scroll>
                    <align>right</align>
                    <animation effect="slide" end="0,16" time="300" tween="sine" easing="inout" condition="String.IsEmpty(Control.GetLabel(934))">Conditional</animation>
                </control>
                <control type="label" id="934">
                    <description>Sub label</description>
                    <posx>0</posx>
                    <posy>32</posy>
                    <width>771</width>
                    <height>120</height>
                    <label>$VAR[NowPlayingSubTitle]</label>
                    <font>Font-Condensed-S28</font>
                    <textcolor>80FFFFFF</textcolor>
                    <scroll>false</scroll>
                    <align>right</align>
                </control>
                <control type="image">
                    <description>Now Playing - Paused</description>
                    <posx>0</posx>
                    <posy>25</posy>
                    <width>100</width>
                    <height>100</height>
                    <texture>overlays/nowplaying/pause.png</texture>
                    <animation type="Visible">
                        <effect type="fade" start="0" end="100" tween="sine" easing="inout" time="300" />
                        <effect type="zoom" start="50" end="100" center="50,77" tween="sine" easing="inout" time="300" />
                    </animation>
                    <animation type="Hidden">
                        <effect type="fade" start="100" end="0" tween="sine" easing="inout" time="300" />
                        <effect type="zoom" start="100" end="50" center="50,77" tween="sine" easing="inout" time="300" />
                    </animation>
                    <visible>Player.Paused</visible>
                </control>
                <control type="image">
                    <description>Now Playing - Play</description>
                    <posx>0</posx>
                    <posy>25</posy>
                    <width>100</width>
                    <height>100</height>
                    <texture>overlays/nowplaying/play.png</texture>
                    <animation type="Visible">
                        <effect type="fade" start="0" end="100" tween="sine" easing="inout" time="300" />
                        <effect type="zoom" start="50" end="100" center="50,77" tween="sine" easing="inout" time="300" />
                    </animation>
                    <animation type="Hidden">
                        <effect type="fade" start="100" end="0" tween="sine" easing="inout" time="300" />
                        <effect type="zoom" start="100" end="50" center="50,77" tween="sine" easing="inout" time="300" />
                    </animation>
                    <visible>!Player.Paused</visible>
                </control>
                <control type="image">
                    <posx>0</posx>
                    <posy>25</posy>
                    <width>100</width>
                    <height>100</height>
                    <texture>dialogs/extendedprogress/loading-back.png</texture>
                </control>
                <control type="progress" id="933">
                    <texturebg></texturebg>
                    <lefttexture></lefttexture>
                    <midtexture></midtexture>
                    <righttexture></righttexture>
                    <info>Player.Progress</info>
                    <visible>false</visible>
                </control>
                <control type="image">
                    <posx>0</posx>
                    <posy>25</posy>
                    <width>100</width>
                    <height>100</height>
                    <texture>$INFO[Control.GetLabel(933),overlays/nowplaying/progress/p,.png]</texture>
                    <visible>!String.IsEmpty(Player.Duration)</visible>
                </control>
                <control type="image">
                    <description>Loading indicator</description>
                    <posx>0</posx>
                    <posy>25</posy>
                    <width>100</width>
                    <height>100</height>
                    <texture>dialogs/search/loading.png</texture>
                    <animation effect="rotate" center="auto" start="360" end="0" time="1500" loop="true" condition="!Player.Paused">Conditional</animation>
                    <visible>String.IsEmpty(Player.Duration)</visible>
                </control>
            </control>
        </control>
    </include>

    <include name="CommonClock">
        <control type="group">
            <animation type="WindowOpen" condition="Window.IsActive(loginscreen) | [Window.IsActive(startup) + !Window.Previous(loginscreen)] | Window.Previous(fullscreenvideo) | Window.Previous(visualisation) | Window.Previous(slideshow)" reversible="false">
                <effect type="fade" start="0" end="100" time="300" tween="sine" easing="inout" />
            </animation>
            <animation type="WindowClose" condition="Window.Next(fullscreenvideo) | Window.Next(visualisation) | Window.Next(slideshow)" reversible="false">
                <effect type="fade" start="100" end="0" time="300" tween="sine" easing="inout" />
            </animation>
            <control type="group">
                <animation effect="slide" end="-65" time="300" tween="sine" easing="inout" condition="Player.Muted">Conditional</animation>
                <animation effect="slide" end="-60" time="300" tween="sine" easing="inout" condition="PVR.IsRecording | PVR.HasTimer">Conditional</animation>
                <control type="image">
                    <description>Small weather</description>
                    <posx>174r</posx>
                    <posy>955</posy>
                    <width>100</width>
                    <height>100</height>
                    <texture>weather/small/$INFO[Weather.FanartCode].png</texture>
                    <visible>Weather.IsFetched + ![String.IsEqual(Weather.FanartCode,na) + String.Contains(Weather.Conditions,/)]</visible>
                    <include>visiblehidefadeinfo</include>
                    <visible>!Skin.HasSetting(Guide.HideWeather)</visible>
                </control>
                <control type="label">
                    <description>Weather label</description>
                    <posx>164r</posx>
                    <posy>955</posy>
                    <width>250</width>
                    <height>100</height>
                    <label>[B]$INFO[Window(Weather).Property(Current.Temperature)]$INFO[System.TemperatureUnits][/B]</label>
                    <font>Font-Condensed-S34-B</font>
                    <textcolor>eewhite</textcolor>
                    <shadowcolor>22000000</shadowcolor>
                    <align>right</align>
                    <scroll>false</scroll>
                    <include>visiblehidefadeinfo</include>
                    <animation effect="slide" end="60" time="300" tween="sine" easing="inout" condition="!Weather.IsFetched | [String.IsEqual(Weather.FanartCode,na) + String.Contains(Weather.Conditions,/)]">Conditional</animation>
                    <visible>Weather.IsFetched + ![String.IsEqual(Weather.FanartCode,na) + String.Contains(Weather.Conditions,/)]</visible>
                    <visible>!Skin.HasSetting(Guide.HideWeather)</visible>
                </control>
                <control type="image">
                    <description>Clock image</description>
                    <posx>345r</posx>
                    <posy>955</posy>
                    <width>92</width>
                    <height>92</height>
                    <texture>windows/home/clock.png</texture>
                    <include>visiblehidefadeinfo</include>
                    <visible>!Skin.HasSetting(Guide.HideClock)</visible>
                    <animation effect="slide" end="0" time="300" tween="sine" easing="inout" condition="!Skin.HasSetting(Guide.HideWeather)">Conditional</animation>
                    <animation effect="slide" end="170" time="300" tween="sine" easing="inout" condition="Skin.HasSetting(Guide.HideWeather)">Conditional</animation>
                    <animation effect="slide" end="170" time="300" tween="sine" easing="inout" condition="!Skin.HasSetting(Guide.HideWeather) + !Weather.IsFetched">Conditional</animation>
                </control>
                <control type="label">
                    <description>Clock label</description>
                    <posx>335r</posx>
                    <posy>955</posy>
                    <width>600</width>
                    <height>100</height>
                    <label>$VAR[ClockDateTimeValue]</label>
                    <font>Font-Condensed-S34-B</font>
                    <textcolor>eewhite</textcolor>
                    <shadowcolor>22000000</shadowcolor>
                    <align>right</align>
                    <scroll>false</scroll>
                    <include>visiblehidefadeinfo</include>
                    <visible>!Skin.HasSetting(Guide.HideClock)</visible>
                    <animation effect="slide" end="0" time="300" tween="sine" easing="inout" condition="!Skin.HasSetting(Guide.HideWeather)">Conditional</animation>
                    <animation effect="slide" end="172" time="300" tween="sine" easing="inout" condition="Skin.HasSetting(Guide.HideWeather)">Conditional</animation>
                    <animation effect="slide" end="172" time="300" tween="sine" easing="inout" condition="!Skin.HasSetting(Guide.HideWeather) + !Weather.IsFetched">Conditional</animation>
                </control>
            </control>
            <control type="group">
                <visible>PVR.IsRecording</visible>
                <animation effect="slide" end="-60" time="300" tween="sine" easing="inout" condition="Player.Muted">Conditional</animation>
                <include>visiblehidefadeinfo</include>
                <control type="image">
                    <posx>154r</posx>
                    <posy>955</posy>
                    <width>100</width>
                    <height>100</height>
                    <texture>windows/pvr/recording-info.png</texture>
                </control>
                <control type="image">
                    <posx>154r</posx>
                    <posy>955</posy>
                    <width>100</width>
                    <height>100</height>
                    <texture>windows/pvr/recording-info-pulse.png</texture>
                    <animation effect="fade" start="65" end="100" time="750" tween="sine" easing="in" pulse="true" condition="true">Conditional</animation>
                </control>
            </control>
            <control type="image">
                <posx>154r</posx>
                <posy>955</posy>
                <width>100</width>
                <height>100</height>
                <texture>windows/pvr/timer.png</texture>
                <animation effect="slide" end="-60" time="300" tween="sine" easing="inout" condition="Player.Muted">Conditional</animation>
                <include>visiblehidefadeinfo</include>
                <visible>!PVR.IsRecording + PVR.HasTimer</visible>
            </control>
            <control type="image">
                <description>Mute</description>
                <posx>150r</posx>
                <posy>955</posy>
                <width>100</width>
                <height>100</height>
                <texture>overlays/volume/muted.png</texture>
                <include>visiblehidefadeinfo</include>
                <visible>Player.Muted</visible>
            </control>
        </control>
    </include>

    <include name="CommonHomeInfo">
        <include>CommonClock</include>
        <include>CommonNowPlaying</include>
        <include>FadeBackground</include>
    </include>

    <include name="CommonInfo">
        <include condition="!Skin.HasSetting(KioskMode)">OptionsMenuButton</include>
        <include>CommonClock</include>
        <include>CommonNowPlaying</include>
        <include>FadeBackground</include>
    </include>

    <include name="CommonInfoNoOptions">
        <include>CommonClock</include>
        <include>CommonNowPlaying</include>
        <include>FadeBackground</include>
    </include>

</includes>