<?xml version="1.0" encoding="UTF-8"?>
<window>
    <defaultcontrol always="true">50</defaultcontrol>
    <menucontrol>9000</menucontrol>
    <views>50,52,53,54,55,500,501,502,60</views>
    <backgroundcolor>0</backgroundcolor>
    <controls>
        <control type="group">
            <include>CommonItems</include>
            <include>VideoHeader</include>
            <include>VideoViews</include>
            <include>CommonInfo</include>

            <include content="OptionsMenu">
                <control type="grouplist" id="9111">
                    <posx>19</posx>
                    <posy>47</posy>
                    <width>404</width>
                    <height>399</height>
                    <itemgap>0</itemgap>
                    <onleft>50</onleft>
                    <onright>50</onright>
                    <onup>9111</onup>
                    <ondown>9111</ondown>
                    <onback>50</onback>
                    <include>GeneralOptionsAnimations</include>
                    <control type="button" id="34">
                        <description>Go to playlist</description>
                        <include>optionsbuttonsdimensions</include>
                        <label>$LOCALIZE[31372]</label>
                        <onclick condition="Player.HasAudio">ActivateWindow(musicplaylist)</onclick>
                        <onclick condition="Player.HasVideo">ActivateWindow(videoplaylist)</onclick>
                        <texturefocus border="70,2,2,2">dialogs/options/buttons/playlist-fo.png</texturefocus>
                        <texturenofocus border="70,2,2,2">dialogs/options/buttons/playlist-nf.png</texturenofocus>
                        <visible>Player.HasMedia</visible>
                        <visible>!VideoPlayer.Content(LiveTV)</visible>
                        <visible>!Window.IsVisible(MusicPlaylist) + !Window.IsVisible(VideoPlaylist)</visible>
                    </control>
                    <control type="button" id="2">
                        <description>View</description>
                        <visible>false</visible>
                    </control>
                    <control type="button" id="100">
                        <description>Label</description>
                        <posy>330</posy>
                        <include>optionsbuttonsdimensions</include>
                        <label>$INFO[Control.GetLabel(2)]</label>
                        <onclick>setfocus(201)</onclick>
                        <texturefocus border="70,2,2,2">dialogs/options/buttons/view-fo.png</texturefocus>
                        <texturenofocus border="70,2,2,2">dialogs/options/buttons/view-nf.png</texturenofocus>
                        <animation effect="fade" start="100" end="50" time="0" condition="!Control.IsEnabled(2)">Conditional</animation>
                    </control>
                    <control type="button" id="21">
                        <description>Label</description>
                        <posy>330</posy>
                        <include>optionsbuttonsdimensions</include>
                        <label>14018</label>
                        <onclick>setfocus(101)</onclick>
                        <texturefocus border="70,2,2,2">dialogs/options/buttons/custom-fo.png</texturefocus>
                        <texturenofocus border="70,2,2,2">dialogs/options/buttons/custom-nf.png</texturenofocus>
                        <animation effect="fade" start="100" end="50" time="0" condition="!Control.IsEnabled(21)">Conditional</animation>
                        <enable>Control.IsVisible(500) | Control.IsVisible(501) | Control.IsVisible(502)</enable>
                    </control>
                    <control type="button" id="97">
                        <description>Metadata actors</description>
                        <include>optionsbuttonsdimensions</include>
                        <label>344</label>
                        <onclick>Action(left)</onclick>
                        <onclick>SetProperty(metadata.actors,1,home)</onclick>
                        <onclick>RunScript(script.metadata.actors)</onclick>
                        <texturefocus border="70,2,2,2">dialogs/options/buttons/user-fo.png</texturefocus>
                        <texturenofocus border="70,2,2,2">dialogs/options/buttons/user-nf.png</texturenofocus>
                        <animation effect="fade" start="100" end="50" time="0" condition="!Control.IsEnabled(97)">Conditional</animation>
                        <visible>System.HasAddon(script.metadata.actors)</visible>
                    </control>
                    <control type="button" id="3">
                        <description>sort</description>
                        <include>optionsbuttonsdimensions</include>
                        <texturefocus border="70,2,2,2">dialogs/options/buttons/sort-fo.png</texturefocus>
                        <texturenofocus border="70,2,2,2">dialogs/options/buttons/sort-nf.png</texturenofocus>
                        <animation effect="fade" start="100" end="50" time="0" condition="!Control.IsEnabled(3)">Conditional</animation>
                    </control>
                    <control type="togglebutton" id="4">
                        <description>Ascending</description>
                        <include>optionsbuttonsdimensions</include>
                        <label>584</label>
                        <altlabel>585</altlabel>
                        <texturefocus border="70,2,2,2">dialogs/options/buttons/up-fo.png</texturefocus>
                        <texturenofocus border="70,2,2,2">dialogs/options/buttons/up-nf.png</texturenofocus>
                        <alttexturenofocus border="70,2,2,2">dialogs/options/buttons/down-nf.png</alttexturenofocus>
                        <alttexturefocus border="70,2,2,2">dialogs/options/buttons/down-fo.png</alttexturefocus>
                        <animation effect="fade" start="100" end="50" time="0" condition="!Control.IsEnabled(4)">Conditional</animation>
                    </control>
                    <control type="button" id="8">
                        <description>Search</description>
                        <include>optionsbuttonsdimensions</include>
                        <label>137</label>
                        <texturefocus border="70,2,2,2">dialogs/options/buttons/search-fo.png</texturefocus>
                        <texturenofocus border="70,2,2,2">dialogs/options/buttons/search-nf.png</texturenofocus>
                        <animation effect="fade" start="100" end="50" time="0" condition="!Control.IsEnabled(8)">Conditional</animation>
                    </control>
                    <control type="edit" id="19">
                        <description>Filter</description>
                        <posx>0</posx>
                        <posy>0</posy>
                        <width>404</width>
                        <height>57</height>
                        <font>Font-Condensed-S34</font>
                        <align>left</align>
                        <textcolor>FF484848</textcolor>
                        <focusedcolor>DDFFFFFF</focusedcolor>
                        <textoffsetx>75</textoffsetx>
                        <label>587</label>
                        <pulseonselect>false</pulseonselect>
                        <texturefocus border="62,2,62,2">dialogs/options/buttons/filter-fo.png</texturefocus>
                        <texturenofocus border="62,2,62,2">dialogs/options/buttons/filter-nf.png</texturenofocus>
                        <animation effect="fade" start="100" end="50" time="0" condition="!Control.IsEnabled(19)">Conditional</animation>
                        <visible>Container.CanFilter + !Container.CanFilterAdvanced</visible>
                    </control>
                    <control type="radiobutton" id="98">
                        <description>Advanced Filter</description>
                        <include>optionsbuttonsdimensions</include>
                        <label>587</label>
                        <texturefocus border="2">dialogs/options/buttons/default-fo.png</texturefocus>
                        <textureradioon>buttons/radio/options-radio-button-fo.png</textureradioon>
                        <textureradiooff>buttons/radio/options-radio-button-nf.png</textureradiooff>
                        <radioposx>-19</radioposx>
                        <selected>Container.Filtered</selected>
                        <onclick>SetFocus(50)</onclick>
                        <onclick>Filter</onclick>
                        <animation effect="fade" start="100" end="50" time="0" condition="!Control.IsEnabled(98)">Conditional</animation>
                        <visible>Container.CanFilterAdvanced</visible>
                    </control>
                    <control type="button" id="99">
                        <description>Files</description>
                        <include>optionsbuttonsdimensions</include>
                        <label>744</label>
                        <texturefocus border="70,2,2,2">dialogs/options/buttons/files-fo.png</texturefocus>
                        <texturenofocus border="70,2,2,2">dialogs/options/buttons/files-nf.png</texturenofocus>
                        <onclick>ActivateWindow(Videos,Files,return)</onclick>
                        <onclick>setfocus(50)</onclick>
                        <animation effect="fade" start="100" end="50" time="0" condition="!Control.IsEnabled(99)">Conditional</animation>
                    </control>
                    <control type="radiobutton" id="14">
                        <description>Watched Toggle</description>
                        <include>optionsbuttonsdimensions</include>
                        <label>20367</label>
                        <texturefocus border="2">dialogs/options/buttons/default-fo.png</texturefocus>
                        <textureradioon>buttons/radio/options-radio-button-fo.png</textureradioon>
                        <textureradiooff>buttons/radio/options-radio-button-nf.png</textureradiooff>
                        <radioposx>-19</radioposx>
                        <animation effect="fade" start="100" end="50" time="0" condition="!Control.IsEnabled(14)">Conditional</animation>
                    </control>
                    <control type="togglebutton" id="20">
                        <description>Update library / stop scanning</description>
                        <include>optionsbuttonsdimensions</include>
                        <label>653</label>
                        <altlabel>13353</altlabel>
                        <texturefocus border="70,2,2,2">dialogs/options/buttons/refresh-fo.png</texturefocus>
                        <texturenofocus border="70,2,2,2">dialogs/options/buttons/refresh-nf.png</texturenofocus>
                        <alttexturenofocus border="70,2,2,2">dialogs/options/buttons/quit-nf.png</alttexturenofocus>
                        <alttexturefocus border="70,2,2,2">dialogs/options/buttons/quit-fo.png</alttexturefocus>
                        <animation effect="fade" start="100" end="50" time="0" condition="!Control.IsEnabled(20)">Conditional</animation>
                        <usealttexture>library.isscanningvideo</usealttexture>
                    </control>
                    <control type="radiobutton" id="23">
                        <description>Unlock sources</description>
                        <include>optionsbuttonsdimensions</include>
                        <label>$LOCALIZE[20336]</label>
                        <texturefocus border="2">dialogs/options/buttons/default-fo.png</texturefocus>
                        <textureradioon>buttons/radio/options-radio-button-fo.png</textureradioon>
                        <textureradiooff>buttons/radio/options-radio-button-nf.png</textureradiooff>
                        <radioposx>-19</radioposx>
                        <selected>system.ismaster</selected>
                        <onclick>SetFocus(50)</onclick>
                        <onclick>mastermode</onclick>
                        <animation effect="fade" start="100" end="50" time="0" condition="!Control.IsEnabled(98)">Conditional</animation>
                       <visible>system.haslocks</visible>
                    </control>
                </control>
                <control type="grouplist" id="9222">
                    <description>View Specific Controls</description>
                    <posx>19</posx>
                    <posy>47</posy>
                    <width>404</width>
                    <height>399</height>
                    <itemgap>0</itemgap>
                    <onleft>9111</onleft>
                    <onright>9111</onright>
                    <onup>9222</onup>
                    <ondown>9222</ondown>
                    <onback>50</onback>
                    <include>SpecificOptionsAnimations</include>
                    <control type="button" id="101">
                        <description>Label</description>
                        <posy>330</posy>
                        <include>optionsbuttonsdimensions</include>
                        <label>$LOCALIZE[31926]</label>
                        <onclick>setfocus(9111)</onclick>
                        <texturefocus border="70,2,2,2">dialogs/options/buttons/custom-back-fo.png</texturefocus>
                        <texturenofocus border="70,2,2,2">dialogs/options/buttons/custom-back-nf.png</texturenofocus>
                    </control>
                    <control type="radiobutton" id="116">
                        <description>Show info in Info List</description>
                        <include>optionsbuttonsdimensions</include>
                        <label>$LOCALIZE[31925]</label>
                        <texturefocus border="2">dialogs/options/buttons/default-fo.png</texturefocus>
                        <onclick>Skin.ToggleSetting(InfoListHideInfo)</onclick>
                        <selected>!Skin.HasSetting(InfoListHideInfo)</selected>
                        <visible>Control.IsVisible(52)</visible>
                        <textureradioon>buttons/radio/options-radio-button-fo.png</textureradioon>
                        <textureradiooff>buttons/radio/options-radio-button-nf.png</textureradiooff>
                        <radioposx>-19</radioposx>
                    </control>
                    <control type="radiobutton" id="104">
                        <description>Show plot in Info List</description>
                        <include>optionsbuttonsdimensions</include>
                        <label>$LOCALIZE[31927]</label>
                        <texturefocus border="2">dialogs/options/buttons/default-fo.png</texturefocus>
                        <onclick>Skin.ToggleSetting(InfoListPlot)</onclick>
                        <onclick>Skin.Reset(InfoListShowPlotOnFocus)</onclick>
                        <selected>Skin.HasSetting(InfoListPlot)</selected>
                        <visible>Control.IsVisible(52)</visible>
                        <textureradioon>buttons/radio/options-radio-button-fo.png</textureradioon>
                        <textureradiooff>buttons/radio/options-radio-button-nf.png</textureradiooff>
                        <radioposx>-19</radioposx>
                        <enable>!Skin.HasSetting(InfoListHideInfo)</enable>
                        <animation effect="fade" start="100" end="50" time="0" condition="!Control.IsEnabled(104)">Conditional</animation>
                    </control>
                    <control type="radiobutton" id="119">
                        <description>Show plot on focus</description>
                        <include>optionsbuttonsdimensions</include>
                        <label>$LOCALIZE[31929]</label>
                        <texturefocus border="2">dialogs/options/buttons/default-fo.png</texturefocus>
                        <onclick>Skin.ToggleSetting(InfoListShowPlotOnFocus)</onclick>
                        <onclick>Skin.Reset(InfoListPlot)</onclick>
                        <selected>Skin.HasSetting(InfoListShowPlotOnFocus)</selected>
                        <visible>Control.IsVisible(52)</visible>
                        <textureradioon>buttons/radio/options-radio-button-fo.png</textureradioon>
                        <textureradiooff>buttons/radio/options-radio-button-nf.png</textureradiooff>
                        <radioposx>-19</radioposx>
                        <visible>!Container.Content(episodes)</visible>
                    </control>
                    <control type="radiobutton" id="117">
                        <description>Show info in Info Panel</description>
                        <include>optionsbuttonsdimensions</include>
                        <label>$LOCALIZE[31925]</label>
                        <texturefocus border="2">dialogs/options/buttons/default-fo.png</texturefocus>
                        <onclick>Skin.ToggleSetting(InfoPanelHideInfo)</onclick>
                        <selected>!Skin.HasSetting(InfoPanelHideInfo)</selected>
                        <visible>Control.IsVisible(53)</visible>
                        <textureradioon>buttons/radio/options-radio-button-fo.png</textureradioon>
                        <textureradiooff>buttons/radio/options-radio-button-nf.png</textureradiooff>
                        <radioposx>-19</radioposx>
                    </control>
                    <control type="radiobutton" id="105">
                        <description>Show plot in Info Panel</description>
                        <include>optionsbuttonsdimensions</include>
                        <label>$LOCALIZE[31927]</label>
                        <texturefocus border="2">dialogs/options/buttons/default-fo.png</texturefocus>
                        <onclick>Skin.ToggleSetting(InfoPanelPlot)</onclick>
                        <selected>Skin.HasSetting(InfoPanelPlot)</selected>
                        <visible>Control.IsVisible(53)</visible>
                        <textureradioon>buttons/radio/options-radio-button-fo.png</textureradioon>
                        <textureradiooff>buttons/radio/options-radio-button-nf.png</textureradiooff>
                        <radioposx>-19</radioposx>
                        <enable>!Skin.HasSetting(InfoPanelHideInfo)</enable>
                        <animation effect="fade" start="100" end="50" time="0" condition="!Control.IsEnabled(105)">Conditional</animation>
                    </control>
                    <control type="radiobutton" id="106">
                        <description>Posters in Banner view</description>
                        <include>optionsbuttonsdimensions</include>
                        <label>$LOCALIZE[31928]</label>
                        <texturefocus border="2">dialogs/options/buttons/default-fo.png</texturefocus>
                        <onclick>Skin.ToggleSetting(posterstv)</onclick>
                        <selected>Skin.HasSetting(posterstv)</selected>
                        <visible>Control.IsVisible(60) + Container.Content(TVShows)</visible>
                        <textureradioon>buttons/radio/options-radio-button-fo.png</textureradioon>
                        <textureradiooff>buttons/radio/options-radio-button-nf.png</textureradiooff>
                        <radioposx>-19</radioposx>
                    </control>
                    <control type="radiobutton" id="113">
                        <description>Use small thumbs in thumbnail view</description>
                        <include>optionsbuttonsdimensions</include>
                        <label>$LOCALIZE[31933]</label>
                        <texturefocus border="2">dialogs/options/buttons/default-fo.png</texturefocus>
                        <onclick>Skin.ToggleSetting(ThumbnailSmall)</onclick>
                        <selected>Skin.HasSetting(ThumbnailSmall)</selected>
                        <visible>Control.IsVisible(500)</visible>
                        <textureradioon>buttons/radio/options-radio-button-fo.png</textureradioon>
                        <textureradiooff>buttons/radio/options-radio-button-nf.png</textureradiooff>
                        <radioposx>-19</radioposx>
                    </control>
                    <control type="radiobutton" id="114">
                        <description>Use small thumbs in thumbnail video view</description>
                        <include>optionsbuttonsdimensions</include>
                        <label>$LOCALIZE[31933]</label>
                        <texturefocus border="2">dialogs/options/buttons/default-fo.png</texturefocus>
                        <onclick>Skin.ToggleSetting(ThumbnailVideoSmall)</onclick>
                        <selected>Skin.HasSetting(ThumbnailVideoSmall)</selected>
                        <visible>Control.IsVisible(501)</visible>
                        <textureradioon>buttons/radio/options-radio-button-fo.png</textureradioon>
                        <textureradiooff>buttons/radio/options-radio-button-nf.png</textureradiooff>
                        <radioposx>-19</radioposx>
                    </control>
                    <control type="radiobutton" id="118">
                        <description>Show info in thumbnail view</description>
                        <include>optionsbuttonsdimensions</include>
                        <label>$LOCALIZE[31925]</label>
                        <texturefocus border="2">dialogs/options/buttons/default-fo.png</texturefocus>
                        <onclick>Skin.ToggleSetting(ThumbnailHideInfo)</onclick>
                        <selected>!Skin.HasSetting(ThumbnailHideInfo)</selected>
                        <visible>Control.IsVisible(501)</visible>
                        <textureradioon>buttons/radio/options-radio-button-fo.png</textureradioon>
                        <textureradiooff>buttons/radio/options-radio-button-nf.png</textureradiooff>
                        <radioposx>-19</radioposx>
                    </control>
                    <control type="radiobutton" id="115">
                        <description>Show plot in thumbnail view</description>
                        <include>optionsbuttonsdimensions</include>
                        <label>$LOCALIZE[31927]</label>
                        <texturefocus border="2">dialogs/options/buttons/default-fo.png</texturefocus>
                        <onclick>Skin.ToggleSetting(ThumbnailPlot)</onclick>
                        <selected>Skin.HasSetting(ThumbnailPlot)</selected>
                        <visible>Control.IsVisible(501)</visible>
                        <textureradioon>buttons/radio/options-radio-button-fo.png</textureradioon>
                        <textureradiooff>buttons/radio/options-radio-button-nf.png</textureradiooff>
                        <radioposx>-19</radioposx>
                        <enable>!Skin.HasSetting(ThumbnailHideInfo)</enable>
                        <animation effect="fade" start="100" end="50" time="0" condition="!Control.IsEnabled(115)">Conditional</animation>
                    </control>
                    <control type="radiobutton" id="120">
                        <description>Show info in fanart view</description>
                        <include>optionsbuttonsdimensions</include>
                        <label>$LOCALIZE[31925]</label>
                        <texturefocus border="2">dialogs/options/buttons/default-fo.png</texturefocus>
                        <onclick>Skin.ToggleSetting(FanartHideInfo)</onclick>
                        <selected>!Skin.HasSetting(FanartHideInfo)</selected>
                        <visible>Control.IsVisible(502)</visible>
                        <textureradioon>buttons/radio/options-radio-button-fo.png</textureradioon>
                        <textureradiooff>buttons/radio/options-radio-button-nf.png</textureradiooff>
                        <radioposx>-19</radioposx>
                    </control>
                    <control type="radiobutton" id="121">
                        <description>Show plot in fanart view</description>
                        <include>optionsbuttonsdimensions</include>
                        <label>$LOCALIZE[31927]</label>
                        <texturefocus border="2">dialogs/options/buttons/default-fo.png</texturefocus>
                        <onclick>Skin.ToggleSetting(FanartPlot)</onclick>
                        <selected>Skin.HasSetting(FanartPlot)</selected>
                        <visible>Control.IsVisible(502)</visible>
                        <textureradioon>buttons/radio/options-radio-button-fo.png</textureradioon>
                        <textureradiooff>buttons/radio/options-radio-button-nf.png</textureradiooff>
                        <radioposx>-19</radioposx>
                        <enable>!Skin.HasSetting(FanartHideInfo)</enable>
                        <animation effect="fade" start="100" end="50" time="0" condition="!Control.IsEnabled(120)">Conditional</animation>
                    </control>
                </control>
                <control type="grouplist" id="9223">
                    <description>View Controls</description>
                    <posx>19</posx>
                    <posy>47</posy>
                    <width>404</width>
                    <height>399</height>
                    <itemgap>0</itemgap>
                    <onleft>9111</onleft>
                    <onright>9111</onright>
                    <onup>9223</onup>
                    <ondown>9223</ondown>
                    <onback>50</onback>
                    <include>ViewOptionsAnimations</include>
                    <control type="button" id="201">
                        <description>Label</description>
                        <posy>330</posy>
                        <include>optionsbuttonsdimensions</include>
                        <label>$LOCALIZE[31926]</label>
                        <onclick>setfocus(9111)</onclick>
                        <texturefocus border="70,2,2,2">dialogs/options/buttons/custom-back-fo.png</texturefocus>
                        <texturenofocus border="70,2,2,2">dialogs/options/buttons/custom-back-nf.png</texturenofocus>
                    </control>
                    <control type="radiobutton" id="202">
                        <description>List</description>
                        <include>optionsbuttonsdimensions</include>
                        <label>$LOCALIZE[31961]</label>
                        <texturefocus border="2">dialogs/options/buttons/default-fo.png</texturefocus>
                        <onclick>Container.SetViewMode(50)</onclick>
                        <selected>Control.IsVisible(50)</selected>
                        <textureradioon>buttons/radio/options-radio-button-fo.png</textureradioon>
                        <textureradiooff>buttons/radio/options-radio-button-nf.png</textureradiooff>
                        <radioposx>-19</radioposx>
                    </control>
                    <control type="radiobutton" id="203">
                        <description>Info List</description>
                        <include>optionsbuttonsdimensions</include>
                        <label>$LOCALIZE[31962]</label>
                        <texturefocus border="2">dialogs/options/buttons/default-fo.png</texturefocus>
                        <onclick>Container.SetViewMode(52)</onclick>
                        <selected>Control.IsVisible(52)</selected>
                        <textureradioon>buttons/radio/options-radio-button-fo.png</textureradioon>
                        <textureradiooff>buttons/radio/options-radio-button-nf.png</textureradiooff>
                        <radioposx>-19</radioposx>
                        <visible>$EXP[IsVideoContent] | $EXP[IsPluginVideoContent]</visible>
                    </control>
                    <control type="radiobutton" id="204">
                        <description>Panel</description>
                        <include>optionsbuttonsdimensions</include>
                        <label>$LOCALIZE[31964]</label>
                        <texturefocus border="2">dialogs/options/buttons/default-fo.png</texturefocus>
                        <onclick>Container.SetViewMode(53)</onclick>
                        <selected>Control.IsVisible(53)</selected>
                        <textureradioon>buttons/radio/options-radio-button-fo.png</textureradioon>
                        <textureradiooff>buttons/radio/options-radio-button-nf.png</textureradiooff>
                        <radioposx>-19</radioposx>
                        <visible>$EXP[IsVideoContent]</visible>
                    </control>
                    <control type="radiobutton" id="205">
                        <description>Landscape</description>
                        <include>optionsbuttonsdimensions</include>
                        <label>$LOCALIZE[31966]</label>
                        <texturefocus border="2">dialogs/options/buttons/default-fo.png</texturefocus>
                        <onclick>Container.SetViewMode(54)</onclick>
                        <selected>Control.IsVisible(54)</selected>
                        <textureradioon>buttons/radio/options-radio-button-fo.png</textureradioon>
                        <textureradiooff>buttons/radio/options-radio-button-nf.png</textureradiooff>
                        <radioposx>-19</radioposx>
                        <visible>$EXP[IsVideoContent] | $EXP[IsPluginVideoContent]</visible>
                    </control>
                    <control type="radiobutton" id="206">
                        <description>Poster</description>
                        <include>optionsbuttonsdimensions</include>
                        <label>$LOCALIZE[31967]</label>
                        <texturefocus border="2">dialogs/options/buttons/default-fo.png</texturefocus>
                        <onclick>Container.SetViewMode(55)</onclick>
                        <selected>Control.IsVisible(55)</selected>
                        <textureradioon>buttons/radio/options-radio-button-fo.png</textureradioon>
                        <textureradiooff>buttons/radio/options-radio-button-nf.png</textureradiooff>
                        <radioposx>-19</radioposx>
                        <visible>$EXP[IsVideoContent]</visible>
                    </control>
                    <control type="radiobutton" id="207">
                        <description>Thumbnail</description>
                        <include>optionsbuttonsdimensions</include>
                        <label>$LOCALIZE[31969]</label>
                        <texturefocus border="2">dialogs/options/buttons/default-fo.png</texturefocus>
                        <onclick>Container.SetViewMode(500)</onclick>
                        <selected>Control.IsVisible(500)</selected>
                        <textureradioon>buttons/radio/options-radio-button-fo.png</textureradioon>
                        <textureradiooff>buttons/radio/options-radio-button-nf.png</textureradiooff>
                        <radioposx>-19</radioposx>
                        <visible>[$EXP[IsPluginVideoContent] | String.StartsWith(Container.FolderPath,addons)] + !$EXP[IsVideoContent]</visible>
                    </control>
                    <control type="radiobutton" id="208">
                        <description>Thumbnail</description>
                        <include>optionsbuttonsdimensions</include>
                        <label>$LOCALIZE[31969]</label>
                        <texturefocus border="2">dialogs/options/buttons/default-fo.png</texturefocus>
                        <onclick>Container.SetViewMode(501)</onclick>
                        <selected>Control.IsVisible(501)</selected>
                        <textureradioon>buttons/radio/options-radio-button-fo.png</textureradioon>
                        <textureradiooff>buttons/radio/options-radio-button-nf.png</textureradiooff>
                        <radioposx>-19</radioposx>
                        <visible>$EXP[IsVideoContent]</visible>
                    </control>
                    <control type="radiobutton" id="209">
                        <description>Banner</description>
                        <include>optionsbuttonsdimensions</include>
                        <label>$LOCALIZE[31971]</label>
                        <texturefocus border="2">dialogs/options/buttons/default-fo.png</texturefocus>
                        <onclick>Container.SetViewMode(60)</onclick>
                        <selected>Control.IsVisible(60)</selected>
                        <textureradioon>buttons/radio/options-radio-button-fo.png</textureradioon>
                        <textureradiooff>buttons/radio/options-radio-button-nf.png</textureradiooff>
                        <radioposx>-19</radioposx>
                        <visible>$EXP[IsVideoContent]</visible>
                    </control>
                    <control type="radiobutton" id="210">
                        <description>FanartSlide</description>
                        <include>optionsbuttonsdimensions</include>
                        <label>$LOCALIZE[20445]</label>
                        <texturefocus border="2">dialogs/options/buttons/default-fo.png</texturefocus>
                        <onclick>Container.SetViewMode(502)</onclick>
                        <selected>Control.IsVisible(502)</selected>
                        <textureradioon>buttons/radio/options-radio-button-fo.png</textureradioon>
                        <textureradiooff>buttons/radio/options-radio-button-nf.png</textureradiooff>
                        <radioposx>-19</radioposx>
                        <visible>$EXP[IsVideoContent] | $EXP[IsPluginVideoContent]</visible>
                        </control>
                </control>
            </include>
        </control>
        <control type="image" id="9773">
            <animation effect="fade" start="100" end="0" time="0" delay="1500">WindowOpen</animation>
        </control>
        <control type="image" id="9772">
            <animation effect="fade" start="0" end="100" time="0">Visible</animation>
            <animation effect="fade" start="100" end="0" time="0">Hidden</animation>
            <visible>Control.HasFocus(70) | !Control.IsVisible(9773)</visible>
        </control>
        <control type="image" id="9772">
            <animation effect="fade" start="0" end="100" time="0">Visible</animation>
            <animation effect="fade" start="100" end="0" time="0" delay="1500">Hidden</animation>
            <visible>!Control.HasFocus(70) + [Container.Scrolling | Container.OnScrollNext | Container.OnScrollPrevious]</visible>
        </control>
    </controls>
</window>
