<?xml version="1.0" encoding="UTF-8"?>
<addon id="skin.xperience1080" version="8.9.2" name="Xperience1080" provider-name="xhaggi | krupama | luizoti">
    <requires>
        <import addon="xbmc.gui" version="5.15.0" />
        <import addon="service.skin.widgets" version="0.0.33" />
        <import addon="script.globalsearch" version="4.0.2" />
        <import addon="script.favourites" version="6.0.1" />
        <import addon="script.artistslideshow" version="1.8.2" />
        <import addon="script.toolbox" version="1.0.1" />
        <import addon="resource.images.studios.white" version="0.0.1"/>
        <import addon="resource.images.musicgenreicons.grey" version="0.0.5"/>
        <import addon="resource.images.moviegenreicons.white" version="0.0.5"/>
        <import addon="resource.images.weatherfanart.multi" version="0.0.6"/>
    </requires>
    <extension point="xbmc.gui.skin" effectslowdown="0.80" debugging="false">
        <res width="1920" height="1080" aspect="16:9" default="true" folder="1080i" />
    </extension>
    <extension point="xbmc.addon.metadata">
        <summary lang="en_GB">Clean, modern, and elegant panel-based Skin.</summary>
        <summary lang="de_DE">Aufgeräumtes, modernes, und elegant kachel-basiertes Skin.</summary>
        <description lang="en_GB">Xperience1080 delivers a skin with a focus on graphical quality, smooth animations, and very well integrated functions and Add-ons.</description>
        <description lang="de_DE">Xperience1080 verspricht einen Skin mit hohem Anspruch auf grafische Qualität, flüssigen Animationen und optimal in den Skin integrierten Funktionen und Add-Ons.</description>
        <disclaimer lang="en_GB">Mouse and Touch inputs are not supported.</disclaimer>
        <disclaimer lang="de_DE">Maus und Touch-Eingaben werden nicht unterstützt.</disclaimer>
        <platform>all</platform>
        <license>Creative Commons Attribution-Noncommercial-Share Alike 3.0</license>
        <forum>http://forum.kodi.tv/forumdisplay.php?fid=197</forum>
        <source>https://github.com/xperience1080/skin.xperience1080</source>
        <assets>
            <icon>resources/icon.png</icon>
            <fanart>resources/fanart.jpg</fanart>
            <screenshot>resources/screenshots/screenshot00.png</screenshot>
            <screenshot>resources/screenshots/screenshot01.png</screenshot>
            <screenshot>resources/screenshots/screenshot02.png</screenshot>
            <screenshot>resources/screenshots/screenshot03.png</screenshot>
            <screenshot>resources/screenshots/screenshot04.png</screenshot>
            <screenshot>resources/screenshots/screenshot05.png</screenshot>
            <screenshot>resources/screenshots/screenshot06.png</screenshot>
            <screenshot>resources/screenshots/screenshot07.png</screenshot>
            <screenshot>resources/screenshots/screenshot08.png</screenshot>
            <screenshot>resources/screenshots/screenshot09.png</screenshot>
            <screenshot>resources/screenshots/screenshot10.png</screenshot>
            <screenshot>resources/screenshots/screenshot11.png</screenshot>
            <screenshot>resources/screenshots/screenshot12.png</screenshot>
            <screenshot>resources/screenshots/screenshot13.png</screenshot>
            <screenshot>resources/screenshots/screenshot14.png</screenshot>
            <screenshot>resources/screenshots/screenshot15.png</screenshot>
            <screenshot>resources/screenshots/screenshot16.png</screenshot>
        </assets>
    </extension>
</addon>
