<?xml version="1.0" encoding="UTF-8"?>
<includes>
    <variable name="MovieMPAALangLabel">
        <value condition="!String.IsEmpty(Skin.String(MovieMPAALang))">$INFO[Skin.String(MovieMPAALang)]</value>
        <value>US</value>
    </variable>

    <include name="SettingsButtonVars">
        <posx>0</posx>
        <posy>5</posy>
        <width>283</width>
        <height>283</height>
        <animation type="Focus" reversible="false">
            <effect type="zoom" end="115" time="75" tween="sine" easing="out" center="auto" />
            <effect type="zoom" end="86.9565217" time="225" tween="sine" delay="100" easing="out" center="auto" />
        </animation>
    </include>

    <include name="SettingsButtonBackground">
        <control type="image">
            <posx>14</posx>
            <posy>0</posy>
            <width>256</width>
            <height>293</height>
            <texture border="7">windows/home/tile.png</texture>
        </control>
        <control type="image">
            <posx>19</posx>
            <posy>222</posy>
            <width>246</width>
            <height>66</height>
            <texture border="1">windows/home/tile-overlay.png</texture>
            <colordiffuse>99FFFFFF</colordiffuse>
        </control>
    </include>

    <include name="SettingsLabelVars">
        <posx>19</posx>
        <posy>222</posy>
        <width>246</width>
        <height>66</height>
        <font>Font-Condensed-S33</font>
        <textcolor>aawhite</textcolor>
        <align>left</align>
        <aligny>center</aligny>
        <textoffsetx>20</textoffsetx>
        <scroll>false</scroll>
    </include>

    <include name="SettingsFocusImageVars">
        <posx>-2</posx>
        <posy>-16</posy>
        <width>288</width>
        <height>325</height>
        <texture border="40">windows/home/tile-fo.png</texture>
        <animation type="Visible">
            <effect type="zoom" start="95" end="100" time="200" tween="sine" easing="inout" center="auto" />
            <effect type="fade" start="0" end="100" time="200" tween="sine" easing="in" />
        </animation>
        <animation type="Hidden">
            <effect type="zoom" start="100" end="95" time="200" tween="sine" easing="inout" center="auto" />
            <effect type="fade" start="100" end="0" time="200" tween="sine" easing="out" />
        </animation>
    </include>

    <include name="SettingsSystemInfoLabel">
        <width>1210</width>
        <height>45</height>
        <align>left</align>
        <aligny>center</aligny>
        <textcolor>96FFFFFF</textcolor>
        <focusedcolor>white</focusedcolor>
        <selectedcolor>white</selectedcolor>
        <disabledcolor>50FFFFFF</disabledcolor>
        <font>Font-Condensed-S30-B</font>
        <textoffsetx>35</textoffsetx>
    </include>

    <include name="SettingsCategoryButtonVars">
        <height>77</height>
        <width>338</width>
        <align>right</align>
        <aligny>center</aligny>
        <textcolor>aawhite</textcolor>
        <focusedcolor>white</focusedcolor>
        <disabledcolor>77FFFFFF</disabledcolor>
        <font>Font-Condensed-S30-B</font>
        <textoffsetx>35</textoffsetx>
        <texturefocus border="150,3,150,3">windows/settings/images/right-focus.png</texturefocus>
        <texturenofocus border="90,3,90,3">views/list/other/separator.png</texturenofocus>
    </include>

    <include name="SettingsCategoryDefaultButtonVars">
        <height>77</height>
        <align>left</align>
        <aligny>center</aligny>
        <texturefocus border="150,3,150,3">windows/settings/images/right-focus.png</texturefocus>
        <texturenofocus border="90,3,90,3">views/list/other/separator.png</texturenofocus>
        <textcolor>96FFFFFF</textcolor>
        <focusedcolor>white</focusedcolor>
        <selectedcolor>white</selectedcolor>
        <disabledcolor>50FFFFFF</disabledcolor>
        <font>Font-Condensed-S30-B</font>
        <textoffsetx>35</textoffsetx>
    </include>

    <include name="SettingsCategoryRadioButtonVars">
        <height>77</height>
        <radioposx>1087</radioposx>
        <align>left</align>
        <aligny>center</aligny>
        <texturefocus border="150,1,150,1">windows/settings/images/right-focus.png</texturefocus>
        <texturenofocus border="90,3,90,3">views/list/other/separator.png</texturenofocus>
        <textcolor>96FFFFFF</textcolor>
        <focusedcolor>white</focusedcolor>
        <disabledcolor>50FFFFFF</disabledcolor>
        <font>Font-Condensed-S30-B</font>
        <textoffsetx>35</textoffsetx>
    </include>

    <include name="SettingsCategoryReloadSkin">
        <height>77</height>
        <align>left</align>
        <aligny>center</aligny>
        <texturefocus border="150,1,150,1">windows/settings/images/right-focus.png</texturefocus>
        <texturenofocus border="90,3,90,3">views/list/other/separator.png</texturenofocus>
        <textcolor>96FFFFFF</textcolor>
        <focusedcolor>white</focusedcolor>
        <disabledcolor>50FFFFFF</disabledcolor>
        <font>Font-Condensed-S30-B</font>
        <textoffsetx>35</textoffsetx>
    </include>

    <include name="SettingsCategoryGrouplistVars">
        <posx>355</posx>
        <posy>281</posy>
        <width>1210</width>
        <height>609</height>
        <itemgap>-1</itemgap>
        <onleft>3</onleft>
        <onright>40</onright>
        <onup>5</onup>
        <ondown>5</ondown>
        <pagecontrol>40</pagecontrol>
        <scrolltime tween="cubic" easing="out">500</scrolltime>
        <orientation>vertical</orientation>
    </include>

    <include name="SettingsCategoryGrouplistProfileVars">
        <posx>355</posx>
        <posy>281</posy>
        <width>1210</width>
        <height>609</height>
        <itemgap>-1</itemgap>
        <onleft>3</onleft>
        <onright>40</onright>
        <pagecontrol>40</pagecontrol>
        <scrolltime tween="cubic" easing="out">500</scrolltime>
        <orientation>vertical</orientation>
    </include>

    <include name="SettingsDialogRadioButtonVars">
        <width>644</width>
        <height>60</height>
        <align>left</align>
        <textoffsetx>20</textoffsetx>
        <radioposx>534</radioposx>
        <font>Font-Condensed-S32</font>
        <textcolor>FF585858</textcolor>
        <focusedcolor>eewhite</focusedcolor>
        <disabledcolor>77585858</disabledcolor>
        <shadowcolor>20FFFFFF</shadowcolor>
        <textureradiofocus>buttons/radio/radio-light-fo.png</textureradiofocus>
        <textureradionofocus>buttons/radio/radio-light-nf.png</textureradionofocus>
        <texturefocus border="2">dialogs/default/highlight.png</texturefocus>
        <texturenofocus>dialogs/default/separator-btn.png</texturenofocus>
    </include>

    <include name="SettingsDialogGrouplistVars">
        <posx>638</posx>
        <posy>300</posy>
        <width>644</width>
        <height>480</height>
        <itemgap>0</itemgap>
        <onup>3</onup>
        <ondown>3</ondown>
        <onleft>5</onleft>
        <onright>61</onright>
        <pagecontrol>61</pagecontrol>
        <scrolltime>0</scrolltime>
        <orientation>vertical</orientation>
    </include>

    <include name="SettingsCustomDialogButtonVars">
        <width>532</width>
        <height>60</height>
        <align>left</align>
        <textoffsetx>20</textoffsetx>
        <font>Font-Condensed-S32</font>
        <textcolor>FF585858</textcolor>
        <focusedcolor>eewhite</focusedcolor>
        <disabledcolor>77585858</disabledcolor>
        <shadowcolor>20FFFFFF</shadowcolor>
        <texturefocus border="2">dialogs/default/highlight.png</texturefocus>
        <texturenofocus>dialogs/default/separator-btn.png</texturenofocus>
    </include>

    <include name="SettingsCustomDialogRadioButtonVars">
        <width>532</width>
        <height>60</height>
        <align>left</align>
        <textoffsetx>20</textoffsetx>
        <radioposx>422</radioposx>
        <font>Font-Condensed-S32</font>
        <textcolor>FF585858</textcolor>
        <focusedcolor>eewhite</focusedcolor>
        <disabledcolor>77585858</disabledcolor>
        <shadowcolor>20FFFFFF</shadowcolor>
        <textureradiofocus>buttons/radio/radio-light-fo.png</textureradiofocus>
        <textureradionofocus>buttons/radio/radio-light-nf.png</textureradionofocus>
        <texturefocus border="2">dialogs/default/highlight.png</texturefocus>
        <texturenofocus>dialogs/default/separator-btn.png</texturenofocus>
    </include>

    <include name="SettingsBackgroundDialogButtonVars">
        <posx>559</posx>
        <posy>667</posy>
        <width>804</width>
        <height>60</height>
        <onup>3</onup>
        <ondown>3</ondown>
        <onleft>5</onleft>
        <onright>5</onright>
        <align>left</align>
        <label>$LOCALIZE[573]</label>
        <textoffsetx>20</textoffsetx>
        <font>Font-Condensed-S32</font>
        <textcolor>FF585858</textcolor>
        <focusedcolor>eewhite</focusedcolor>
        <disabledcolor>77585858</disabledcolor>
        <shadowcolor>20FFFFFF</shadowcolor>
        <texturefocus border="2">dialogs/default/highlight.png</texturefocus>
    </include>

    <include name="SettingsBackgroundDialogRadioButtonVars">
        <width>258</width>
        <height>60</height>
        <align>left</align>
        <font>Font-Condensed-S30</font>
        <textcolor>FF585858</textcolor>
        <focusedcolor>eewhite</focusedcolor>
        <disabledcolor>FF585858</disabledcolor>
        <shadowcolor>20FFFFFF</shadowcolor>
        <textwidth>188</textwidth>
        <textoffsetx>60</textoffsetx>
        <radiowidth>120</radiowidth>
        <radioheight>76</radioheight>
        <radioposx>-30</radioposx>
        <radioposy>-8</radioposy>
        <textureradioon>buttons/radio/options-radio-button-fo.png</textureradioon>
        <textureradiooff>buttons/radio/options-radio-button-nf.png</textureradiooff>
        <texturefocus border="2">dialogs/default/highlight.png</texturefocus>
        <texturenofocus>dialogs/default/separator-btn.png</texturenofocus>
    </include>

    <include name="SettingsBackgroundDialogImageVars">
        <posx>559</posx>
        <posy>354</posy>
        <width>530</width>
        <height>298</height>
        <aspectratio>stretch</aspectratio>
        <include>Animation_FanartFade</include>
    </include>

    <include name="SettingsBackgroundDialogMultiImageVars">
        <include>SettingsBackgroundDialogImageVars</include>
        <timeperimage>10000</timeperimage>
        <randomize>true</randomize>
        <fadetime>600</fadetime>
        <loop>true</loop>
    </include>

    <include name="SettingsBackgroundDialogGroupListVars">
        <posx>1105</posx>
        <posy>353</posy>
        <width>257</width>
        <height>300</height>
        <itemgap>0</itemgap>
        <onup>4</onup>
        <ondown>4</ondown>
        <onleft>5</onleft>
        <onright>5</onright>
        <scrolltime>0</scrolltime>
        <orientation>vertical</orientation>
    </include>

    <include name="SettingsBackgroundDialogGlobal">
        <control type="image">
            <include>SettingsBackgroundDialogImageVars</include>
            <texture background="true" fallback="special://skin/extras/backgrounds/09.jpg">$INFO[Skin.String(GlobalBackdropSingle)]</texture>
            <visible>String.IsEmpty(Skin.String(GlobalBackdropMulti))</visible>
        </control>

        <control type="multiimage">
            <include>SettingsBackgroundDialogMultiImageVars</include>
            <imagepath background="true">$INFO[Skin.String(GlobalBackdropMulti)]</imagepath>
            <visible>!String.IsEmpty(Skin.String(GlobalBackdropMulti))</visible>
        </control>

        <control type="grouplist" id="3">
            <include>SettingsBackgroundDialogGroupListVars</include>
            <control type="radiobutton" id="2101">
                <include>SettingsBackgroundDialogRadioButtonVars</include>
                <label>$LOCALIZE[31251]</label>
                <enable>false</enable>
                <animation effect="fade" end="47" time="0" condition="!Control.IsEnabled(2101)">Conditional</animation>
            </control>
            <control type="radiobutton" id="2102">
                <include>SettingsBackgroundDialogRadioButtonVars</include>
                <selected>!String.IsEmpty(Skin.String(GlobalBackdropSingle))</selected>
                <onclick>Skin.Reset(GlobalBackdropMulti)</onclick>
                <onclick>Skin.SetString(GlobalBackdropSingle,special://skin/extras/backgrounds/01.jpg)</onclick>
                <label>$LOCALIZE[31252]</label>
                <animation effect="fade" end="47" time="0" condition="!Control.IsEnabled(2102)">Conditional</animation>
            </control>
            <control type="radiobutton" id="2103">
                <include>SettingsBackgroundDialogRadioButtonVars</include>
                <selected>!String.IsEmpty(Skin.String(GlobalBackdropMulti))</selected>
                <onclick>Skin.Reset(GlobalBackdropSingle)</onclick>
                <onclick>Skin.SetString(GlobalBackdropMulti,special://skin/extras/backgrounds/)</onclick>
                <label>$LOCALIZE[31253]</label>
                <animation effect="fade" end="47" time="0" condition="!Control.IsEnabled(2103)">Conditional</animation>
            </control>
        </control>

        <control type="button" id="4">
            <include>SettingsBackgroundDialogButtonVars</include>
            <label2>$INFO[Skin.String(GlobalBackdropSingle)]</label2>
            <onclick>Skin.SetImage(GlobalBackdropSingle)</onclick>
            <visible>String.IsEmpty(Skin.String(GlobalBackdropMulti))</visible>
            <enable>!String.IsEmpty(Skin.String(GlobalBackdropSingle))</enable>
        </control>

        <control type="button" id="4">
            <include>SettingsBackgroundDialogButtonVars</include>
            <label2>$INFO[Skin.String(GlobalBackdropMulti)]</label2>
            <onclick>Skin.SetPath(GlobalBackdropMulti)</onclick>
            <visible>!String.IsEmpty(Skin.String(GlobalBackdropMulti))</visible>
            <enable>!String.IsEmpty(Skin.String(GlobalBackdropMulti))</enable>
        </control>
    </include>

    <include name="GlobalOverlay">
        <control type="image">
            <include>SettingsBackgroundDialogImageVars</include>
            <texture background="true">$INFO[Skin.String(GlobalOverlay)]</texture>
            <visible>!String.IsEmpty(Skin.String(GlobalOverlay))</visible>
        </control>

        <control type="grouplist" id="3">
            <include>SettingsBackgroundDialogGroupListVars</include>
            <control type="radiobutton" id="2102">
                <include>SettingsBackgroundDialogRadioButtonVars</include>
                <selected>!String.IsEmpty(Skin.String(GlobalOverlay))</selected>
                <onclick>Skin.SetString(GlobalOverlay,special://skin/extras/fade/overlay.png)</onclick>
                <label>$LOCALIZE[31252]</label>
            </control>
        </control>

        <control type="button" id="4">
            <include>SettingsBackgroundDialogButtonVars</include>
            <label2>$INFO[Skin.String(GlobalOverlay)]</label2>
            <onclick>Skin.SetImage(GlobalOverlay)</onclick>
        </control>
    </include>

    <include name="SettingsBackgroundDialogSettings">
        <control type="image">
            <include>SettingsBackgroundDialogImageVars</include>
            <texture background="true" fallback="special://skin/extras/backgrounds/01.jpg">$INFO[Skin.String(GlobalBackdropSingle)]</texture>
            <visible>String.IsEmpty(Skin.String(GlobalBackdropMulti)) + String.IsEmpty(Skin.String(HomeSettingsSingleImage)) + String.IsEmpty(Skin.String(HomeSettingsMultiImage))</visible>
        </control>

        <control type="multiimage">
            <include>SettingsBackgroundDialogMultiImageVars</include>
            <imagepath background="true">$INFO[Skin.String(GlobalBackdropMulti)]</imagepath>
            <visible>!String.IsEmpty(Skin.String(GlobalBackdropMulti)) + String.IsEmpty(Skin.String(HomeSettingsSingleImage)) + String.IsEmpty(Skin.String(HomeSettingsMultiImage))</visible>
        </control>

        <control type="image">
            <include>SettingsBackgroundDialogImageVars</include>
            <texture background="true">$INFO[Skin.String(HomeSettingsSingleImage)]</texture>
            <visible>!String.IsEmpty(Skin.String(HomeSettingsSingleImage))</visible>
        </control>

        <control type="multiimage">
            <include>SettingsBackgroundDialogMultiImageVars</include>
            <imagepath background="true">$INFO[Skin.String(HomeSettingsMultiImage)]</imagepath>
            <visible>!String.IsEmpty(Skin.String(HomeSettingsMultiImage))</visible>
        </control>

        <control type="grouplist" id="3">
            <include>SettingsBackgroundDialogGroupListVars</include>
            <control type="radiobutton" id="2101">
                <include>SettingsBackgroundDialogRadioButtonVars</include>
                <label>$LOCALIZE[31251]</label>
                <selected>String.IsEmpty(Skin.String(HomeSettingsSingleImage)) + String.IsEmpty(Skin.String(HomeSettingsMultiImage))</selected>
                <onclick>Skin.Reset(HomeSettingsSingleImage)</onclick>
                <onclick>Skin.Reset(HomeSettingsMultiImage)</onclick>
                <animation effect="fade" end="47" time="0" condition="!Control.IsEnabled(2101)">Conditional</animation>
            </control>
            <control type="radiobutton" id="2102">
                <include>SettingsBackgroundDialogRadioButtonVars</include>
                <selected>!String.IsEmpty(Skin.String(HomeSettingsSingleImage))</selected>
                <onclick>Skin.Reset(HomeSettingsMultiImage)</onclick>
                <onclick>Skin.SetString(HomeSettingsSingleImage,special://skin/extras/backgrounds/01.jpg)</onclick>
                <label>$LOCALIZE[31252]</label>
                <animation effect="fade" end="47" time="0" condition="!Control.IsEnabled(2102)">Conditional</animation>
            </control>
            <control type="radiobutton" id="2103">
                <include>SettingsBackgroundDialogRadioButtonVars</include>
                <selected>!String.IsEmpty(Skin.String(HomeSettingsMultiImage))</selected>
                <onclick>Skin.Reset(HomeSettingsSingleImage)</onclick>
                <onclick>Skin.SetString(HomeSettingsMultiImage,special://skin/extras/backgrounds/)</onclick>
                <label>$LOCALIZE[31253]</label>
                <animation effect="fade" end="47" time="0" condition="!Control.IsEnabled(2103)">Conditional</animation>
            </control>
        </control>

        <control type="button" id="4">
            <include>SettingsBackgroundDialogButtonVars</include>
            <label2>$INFO[Skin.String(HomeSettingsSingleImage)]</label2>
            <onclick>Skin.SetImage(HomeSettingsSingleImage)</onclick>
            <visible>String.IsEmpty(Skin.String(HomeSettingsMultiImage))</visible>
            <enable>!String.IsEmpty(Skin.String(HomeSettingsSingleImage))</enable>
        </control>

        <control type="button" id="4">
            <include>SettingsBackgroundDialogButtonVars</include>
            <label2>$INFO[Skin.String(HomeSettingsMultiImage)]</label2>
            <onclick>Skin.SetPath(HomeSettingsMultiImage)</onclick>
            <visible>!String.IsEmpty(Skin.String(HomeSettingsMultiImage))</visible>
            <enable>!String.IsEmpty(Skin.String(HomeSettingsMultiImage))</enable>
        </control>
    </include>

    <include name="SettingsBackgroundDialogMovies">
        <control type="image">
            <include>SettingsBackgroundDialogImageVars</include>
            <texture background="true" fallback="special://skin/extras/backgrounds/01.jpg">$INFO[Skin.String(GlobalBackdropSingle)]</texture>
            <visible>String.IsEmpty(Skin.String(GlobalBackdropMulti)) + String.IsEmpty(Skin.String(HomeMoviesSingleImage)) + String.IsEmpty(Skin.String(HomeMoviesMultiImage))</visible>
        </control>

        <control type="multiimage">
            <include>SettingsBackgroundDialogMultiImageVars</include>
            <imagepath background="true">$INFO[Skin.String(GlobalBackdropMulti)]</imagepath>
            <visible>!String.IsEmpty(Skin.String(GlobalBackdropMulti)) + String.IsEmpty(Skin.String(HomeMoviesSingleImage)) + String.IsEmpty(Skin.String(HomeMoviesMultiImage))</visible>
        </control>

        <control type="image">
            <include>SettingsBackgroundDialogImageVars</include>
            <texture background="true">$INFO[Skin.String(HomeMoviesSingleImage)]</texture>
            <visible>!String.IsEmpty(Skin.String(HomeMoviesSingleImage))</visible>
        </control>

        <control type="multiimage">
            <include>SettingsBackgroundDialogMultiImageVars</include>
            <imagepath background="true">$INFO[Skin.String(HomeMoviesMultiImage)]</imagepath>
            <visible>!String.IsEmpty(Skin.String(HomeMoviesMultiImage))</visible>
        </control>

        <control type="grouplist" id="3">
            <include>SettingsBackgroundDialogGroupListVars</include>
            <control type="radiobutton" id="2101">
                <include>SettingsBackgroundDialogRadioButtonVars</include>
                <label>$LOCALIZE[31251]</label>
                <selected>String.IsEmpty(Skin.String(HomeMoviesSingleImage)) + String.IsEmpty(Skin.String(HomeMoviesMultiImage))</selected>
                <onclick>Skin.Reset(HomeMoviesSingleImage)</onclick>
                <onclick>Skin.Reset(HomeMoviesMultiImage)</onclick>
                <animation effect="fade" end="47" time="0" condition="!Control.IsEnabled(2101)">Conditional</animation>
            </control>
            <control type="radiobutton" id="2102">
                <include>SettingsBackgroundDialogRadioButtonVars</include>
                <selected>!String.IsEmpty(Skin.String(HomeMoviesSingleImage))</selected>
                <onclick>Skin.Reset(HomeMoviesMultiImage)</onclick>
                <onclick>Skin.SetString(HomeMoviesSingleImage,special://skin/extras/backgrounds/01.jpg)</onclick>
                <label>$LOCALIZE[31252]</label>
                <animation effect="fade" end="47" time="0" condition="!Control.IsEnabled(2102)">Conditional</animation>
            </control>
            <control type="radiobutton" id="2103">
                <include>SettingsBackgroundDialogRadioButtonVars</include>
                <selected>!String.IsEmpty(Skin.String(HomeMoviesMultiImage))</selected>
                <onclick>Skin.Reset(HomeMoviesSingleImage)</onclick>
                <onclick>Skin.SetString(HomeMoviesMultiImage,special://skin/extras/backgrounds/)</onclick>
                <label>$LOCALIZE[31253]</label>
                <animation effect="fade" end="47" time="0" condition="!Control.IsEnabled(2103)">Conditional</animation>
            </control>
        </control>

        <control type="button" id="4">
            <include>SettingsBackgroundDialogButtonVars</include>
            <label2>$INFO[Skin.String(HomeMoviesSingleImage)]</label2>
            <onclick>Skin.SetImage(HomeMoviesSingleImage)</onclick>
            <visible>String.IsEmpty(Skin.String(HomeMoviesMultiImage))</visible>
            <enable>!String.IsEmpty(Skin.String(HomeMoviesSingleImage))</enable>
        </control>

        <control type="button" id="4">
            <include>SettingsBackgroundDialogButtonVars</include>
            <label2>$INFO[Skin.String(HomeMoviesMultiImage)]</label2>
            <onclick>Skin.SetPath(HomeMoviesMultiImage)</onclick>
            <visible>!String.IsEmpty(Skin.String(HomeMoviesMultiImage))</visible>
            <enable>!String.IsEmpty(Skin.String(HomeMoviesMultiImage))</enable>
        </control>
    </include>

    <include name="SettingsBackgroundDialogTVShows">
        <control type="image">
            <include>SettingsBackgroundDialogImageVars</include>
            <texture background="true" fallback="special://skin/extras/backgrounds/01.jpg">$INFO[Skin.String(GlobalBackdropSingle)]</texture>
            <visible>String.IsEmpty(Skin.String(GlobalBackdropMulti)) + String.IsEmpty(Skin.String(HomeTVShowsSingleImage)) + String.IsEmpty(Skin.String(HomeTVShowsMultiImage))</visible>
        </control>

        <control type="multiimage">
            <include>SettingsBackgroundDialogMultiImageVars</include>
            <imagepath background="true">$INFO[Skin.String(GlobalBackdropMulti)]</imagepath>
            <visible>!String.IsEmpty(Skin.String(GlobalBackdropMulti)) + String.IsEmpty(Skin.String(HomeTVShowsSingleImage)) + String.IsEmpty(Skin.String(HomeTVShowsMultiImage))</visible>
        </control>

        <control type="image">
            <include>SettingsBackgroundDialogImageVars</include>
            <texture background="true">$INFO[Skin.String(HomeTVShowsSingleImage)]</texture>
            <visible>!String.IsEmpty(Skin.String(HomeTVShowsSingleImage))</visible>
        </control>

        <control type="multiimage">
            <include>SettingsBackgroundDialogMultiImageVars</include>
            <imagepath background="true">$INFO[Skin.String(HomeTVShowsMultiImage)]</imagepath>
            <visible>!String.IsEmpty(Skin.String(HomeTVShowsMultiImage))</visible>
        </control>

        <control type="grouplist" id="3">
            <include>SettingsBackgroundDialogGroupListVars</include>
            <control type="radiobutton" id="2101">
                <include>SettingsBackgroundDialogRadioButtonVars</include>
                <label>$LOCALIZE[31251]</label>
                <selected>String.IsEmpty(Skin.String(HomeTVShowsSingleImage)) + String.IsEmpty(Skin.String(HomeTVShowsMultiImage))</selected>
                <onclick>Skin.Reset(HomeTVShowsSingleImage)</onclick>
                <onclick>Skin.Reset(HomeTVShowsMultiImage)</onclick>
                <animation effect="fade" end="47" time="0" condition="!Control.IsEnabled(2101)">Conditional</animation>
            </control>
            <control type="radiobutton" id="2102">
                <include>SettingsBackgroundDialogRadioButtonVars</include>
                <selected>!String.IsEmpty(Skin.String(HomeTVShowsSingleImage))</selected>
                <onclick>Skin.Reset(HomeTVShowsMultiImage)</onclick>
                <onclick>Skin.SetString(HomeTVShowsSingleImage,special://skin/extras/backgrounds/01.jpg)</onclick>
                <label>$LOCALIZE[31252]</label>
                <animation effect="fade" end="47" time="0" condition="!Control.IsEnabled(2102)">Conditional</animation>
            </control>
            <control type="radiobutton" id="2103">
                <include>SettingsBackgroundDialogRadioButtonVars</include>
                <selected>!String.IsEmpty(Skin.String(HomeTVShowsMultiImage))</selected>
                <onclick>Skin.Reset(HomeTVShowsSingleImage)</onclick>
                <onclick>Skin.SetString(HomeTVShowsMultiImage,special://skin/extras/backgrounds/)</onclick>
                <label>$LOCALIZE[31253]</label>
                <animation effect="fade" end="47" time="0" condition="!Control.IsEnabled(2103)">Conditional</animation>
            </control>
        </control>

        <control type="button" id="4">
            <include>SettingsBackgroundDialogButtonVars</include>
            <label2>$INFO[Skin.String(HomeTVShowsSingleImage)]</label2>
            <onclick>Skin.SetImage(HomeTVShowsSingleImage)</onclick>
            <visible>String.IsEmpty(Skin.String(HomeTVShowsMultiImage))</visible>
            <enable>!String.IsEmpty(Skin.String(HomeTVShowsSingleImage))</enable>
        </control>

        <control type="button" id="4">
            <include>SettingsBackgroundDialogButtonVars</include>
            <label2>$INFO[Skin.String(HomeTVShowsMultiImage)]</label2>
            <onclick>Skin.SetPath(HomeTVShowsMultiImage)</onclick>
            <visible>!String.IsEmpty(Skin.String(HomeTVShowsMultiImage))</visible>
            <enable>!String.IsEmpty(Skin.String(HomeTVShowsMultiImage))</enable>
        </control>
    </include>

    <include name="SettingsBackgroundDialogMusic">
        <control type="image">
            <include>SettingsBackgroundDialogImageVars</include>
            <texture background="true" fallback="special://skin/extras/backgrounds/01.jpg">$INFO[Skin.String(GlobalBackdropSingle)]</texture>
            <visible>String.IsEmpty(Skin.String(GlobalBackdropMulti)) + String.IsEmpty(Skin.String(HomeMusicSingleImage)) + String.IsEmpty(Skin.String(HomeMusicMultiImage))</visible>
        </control>

        <control type="multiimage">
            <include>SettingsBackgroundDialogMultiImageVars</include>
            <imagepath background="true">$INFO[Skin.String(GlobalBackdropMulti)]</imagepath>
            <visible>!String.IsEmpty(Skin.String(GlobalBackdropMulti)) + String.IsEmpty(Skin.String(HomeMusicSingleImage)) + String.IsEmpty(Skin.String(HomeMusicMultiImage))</visible>
        </control>

        <control type="image">
            <include>SettingsBackgroundDialogImageVars</include>
            <texture background="true">$INFO[Skin.String(HomeMusicSingleImage)]</texture>
            <visible>!String.IsEmpty(Skin.String(HomeMusicSingleImage))</visible>
        </control>

        <control type="multiimage">
            <include>SettingsBackgroundDialogMultiImageVars</include>
            <imagepath background="true">$INFO[Skin.String(HomeMusicMultiImage)]</imagepath>
            <visible>!String.IsEmpty(Skin.String(HomeMusicMultiImage))</visible>
        </control>

        <control type="grouplist" id="3">
            <include>SettingsBackgroundDialogGroupListVars</include>
            <control type="radiobutton" id="2101">
                <include>SettingsBackgroundDialogRadioButtonVars</include>
                <label>$LOCALIZE[31251]</label>
                <selected>String.IsEmpty(Skin.String(HomeMusicSingleImage)) + String.IsEmpty(Skin.String(HomeMusicMultiImage))</selected>
                <onclick>Skin.Reset(HomeMusicSingleImage)</onclick>
                <onclick>Skin.Reset(HomeMusicMultiImage)</onclick>
                <animation effect="fade" end="47" time="0" condition="!Control.IsEnabled(2101)">Conditional</animation>
            </control>
            <control type="radiobutton" id="2102">
                <include>SettingsBackgroundDialogRadioButtonVars</include>
                <selected>!String.IsEmpty(Skin.String(HomeMusicSingleImage))</selected>
                <onclick>Skin.Reset(HomeMusicMultiImage)</onclick>
                <onclick>Skin.SetString(HomeMusicSingleImage,special://skin/extras/backgrounds/01.jpg)</onclick>
                <label>$LOCALIZE[31252]</label>
                <animation effect="fade" end="47" time="0" condition="!Control.IsEnabled(2102)">Conditional</animation>
            </control>
            <control type="radiobutton" id="2103">
                <include>SettingsBackgroundDialogRadioButtonVars</include>
                <selected>!String.IsEmpty(Skin.String(HomeMusicMultiImage))</selected>
                <onclick>Skin.Reset(HomeMusicSingleImage)</onclick>
                <onclick>Skin.SetString(HomeMusicMultiImage,special://skin/extras/backgrounds/)</onclick>
                <label>$LOCALIZE[31253]</label>
                <animation effect="fade" end="47" time="0" condition="!Control.IsEnabled(2103)">Conditional</animation>
            </control>
        </control>

        <control type="button" id="4">
            <include>SettingsBackgroundDialogButtonVars</include>
            <label2>$INFO[Skin.String(HomeMusicSingleImage)]</label2>
            <onclick>Skin.SetImage(HomeMusicSingleImage)</onclick>
            <visible>String.IsEmpty(Skin.String(HomeMusicMultiImage))</visible>
            <enable>!String.IsEmpty(Skin.String(HomeMusicSingleImage))</enable>
        </control>

        <control type="button" id="4">
            <include>SettingsBackgroundDialogButtonVars</include>
            <label2>$INFO[Skin.String(HomeMusicMultiImage)]</label2>
            <onclick>Skin.SetPath(HomeMusicMultiImage)</onclick>
            <visible>!String.IsEmpty(Skin.String(HomeMusicMultiImage))</visible>
            <enable>!String.IsEmpty(Skin.String(HomeMusicMultiImage))</enable>
        </control>
    </include>

    <include name="SettingsBackgroundDialogPrograms">
        <control type="image">
            <include>SettingsBackgroundDialogImageVars</include>
            <texture background="true" fallback="special://skin/extras/backgrounds/01.jpg">$INFO[Skin.String(GlobalBackdropSingle)]</texture>
            <visible>String.IsEmpty(Skin.String(GlobalBackdropMulti)) + String.IsEmpty(Skin.String(HomeProgramsSingleImage)) + String.IsEmpty(Skin.String(HomeProgramsMultiImage))</visible>
        </control>

        <control type="multiimage">
            <include>SettingsBackgroundDialogMultiImageVars</include>
            <imagepath background="true">$INFO[Skin.String(GlobalBackdropMulti)]</imagepath>
            <visible>!String.IsEmpty(Skin.String(GlobalBackdropMulti)) + String.IsEmpty(Skin.String(HomeProgramsSingleImage)) + String.IsEmpty(Skin.String(HomeProgramsMultiImage))</visible>
        </control>

        <control type="image">
            <include>SettingsBackgroundDialogImageVars</include>
            <texture background="true">$INFO[Skin.String(HomeProgramsSingleImage)]</texture>
            <visible>!String.IsEmpty(Skin.String(HomeProgramsSingleImage))</visible>
        </control>

        <control type="multiimage">
            <include>SettingsBackgroundDialogMultiImageVars</include>
            <imagepath background="true">$INFO[Skin.String(HomeProgramsMultiImage)]</imagepath>
            <visible>!String.IsEmpty(Skin.String(HomeProgramsMultiImage))</visible>
        </control>

        <control type="grouplist" id="3">
            <include>SettingsBackgroundDialogGroupListVars</include>
            <control type="radiobutton" id="2101">
                <include>SettingsBackgroundDialogRadioButtonVars</include>
                <label>$LOCALIZE[31251]</label>
                <selected>String.IsEmpty(Skin.String(HomeProgramsSingleImage)) + String.IsEmpty(Skin.String(HomeProgramsMultiImage))</selected>
                <onclick>Skin.Reset(HomeProgramsSingleImage)</onclick>
                <onclick>Skin.Reset(HomeProgramsMultiImage)</onclick>
                <animation effect="fade" end="47" time="0" condition="!Control.IsEnabled(2101)">Conditional</animation>
            </control>
            <control type="radiobutton" id="2102">
                <include>SettingsBackgroundDialogRadioButtonVars</include>
                <selected>!String.IsEmpty(Skin.String(HomeProgramsSingleImage))</selected>
                <onclick>Skin.Reset(HomeProgramsMultiImage)</onclick>
                <onclick>Skin.SetString(HomeProgramsSingleImage,special://skin/extras/backgrounds/01.jpg)</onclick>
                <label>$LOCALIZE[31252]</label>
                <animation effect="fade" end="47" time="0" condition="!Control.IsEnabled(2102)">Conditional</animation>
            </control>
            <control type="radiobutton" id="2103">
                <include>SettingsBackgroundDialogRadioButtonVars</include>
                <selected>!String.IsEmpty(Skin.String(HomeProgramsMultiImage))</selected>
                <onclick>Skin.Reset(HomeProgramsSingleImage)</onclick>
                <onclick>Skin.SetString(HomeProgramsMultiImage,special://skin/extras/backgrounds/)</onclick>
                <label>$LOCALIZE[31253]</label>
                <animation effect="fade" end="47" time="0" condition="!Control.IsEnabled(2103)">Conditional</animation>
            </control>
        </control>

        <control type="button" id="4">
            <include>SettingsBackgroundDialogButtonVars</include>
            <label2>$INFO[Skin.String(HomeProgramsSingleImage)]</label2>
            <onclick>Skin.SetImage(HomeProgramsSingleImage)</onclick>
            <visible>String.IsEmpty(Skin.String(HomeProgramsMultiImage))</visible>
            <enable>!String.IsEmpty(Skin.String(HomeProgramsSingleImage))</enable>
        </control>

        <control type="button" id="4">
            <include>SettingsBackgroundDialogButtonVars</include>
            <label2>$INFO[Skin.String(HomeProgramsMultiImage)]</label2>
            <onclick>Skin.SetPath(HomeProgramsMultiImage)</onclick>
            <visible>!String.IsEmpty(Skin.String(HomeProgramsMultiImage))</visible>
            <enable>!String.IsEmpty(Skin.String(HomeProgramsMultiImage))</enable>
        </control>
    </include>

    <include name="SettingsBackgroundDialogWeather">
        <control type="image">
            <include>SettingsBackgroundDialogImageVars</include>
            <texture background="true" fallback="special://skin/extras/backgrounds/01.jpg">$INFO[Skin.String(GlobalBackdropSingle)]</texture>
            <visible>String.IsEmpty(Skin.String(GlobalBackdropMulti)) + String.IsEmpty(Skin.String(HomeWeatherSingleImage)) + String.IsEmpty(Skin.String(HomeWeatherMultiImage))</visible>
        </control>

        <control type="multiimage">
            <include>SettingsBackgroundDialogMultiImageVars</include>
            <imagepath background="true">$INFO[Skin.String(GlobalBackdropMulti)]</imagepath>
            <visible>!String.IsEmpty(Skin.String(GlobalBackdropMulti)) + String.IsEmpty(Skin.String(HomeWeatherSingleImage)) + String.IsEmpty(Skin.String(HomeWeatherMultiImage))</visible>
        </control>

        <control type="image">
            <include>SettingsBackgroundDialogImageVars</include>
            <texture background="true">$INFO[Skin.String(HomeWeatherSingleImage)]</texture>
            <visible>!String.IsEmpty(Skin.String(HomeWeatherSingleImage))</visible>
        </control>

        <control type="multiimage">
            <include>SettingsBackgroundDialogMultiImageVars</include>
            <imagepath background="true">$INFO[Skin.String(HomeWeatherMultiImage)]</imagepath>
            <visible>!String.IsEmpty(Skin.String(HomeWeatherMultiImage))</visible>
        </control>

        <control type="grouplist" id="3">
            <include>SettingsBackgroundDialogGroupListVars</include>
            <control type="radiobutton" id="2101">
                <include>SettingsBackgroundDialogRadioButtonVars</include>
                <label>$LOCALIZE[31251]</label>
                <selected>String.IsEmpty(Skin.String(HomeWeatherSingleImage)) + String.IsEmpty(Skin.String(HomeWeatherMultiImage))</selected>
                <onclick>Skin.Reset(HomeWeatherSingleImage)</onclick>
                <onclick>Skin.Reset(HomeWeatherMultiImage)</onclick>
                <animation effect="fade" end="47" time="0" condition="!Control.IsEnabled(2101)">Conditional</animation>
            </control>
            <control type="radiobutton" id="2102">
                <include>SettingsBackgroundDialogRadioButtonVars</include>
                <selected>!String.IsEmpty(Skin.String(HomeWeatherSingleImage))</selected>
                <onclick>Skin.Reset(HomeWeatherMultiImage)</onclick>
                <onclick>Skin.SetString(HomeWeatherSingleImage,special://skin/extras/backgrounds/01.jpg)</onclick>
                <label>$LOCALIZE[31252]</label>
                <animation effect="fade" end="47" time="0" condition="!Control.IsEnabled(2102)">Conditional</animation>
            </control>
            <control type="radiobutton" id="2103">
                <include>SettingsBackgroundDialogRadioButtonVars</include>
                <selected>!String.IsEmpty(Skin.String(HomeWeatherMultiImage))</selected>
                <onclick>Skin.Reset(HomeWeatherSingleImage)</onclick>
                <onclick>Skin.Reset(HomeWeatherSingleImage)</onclick>
                <onclick>Skin.SetString(HomeWeatherMultiImage,special://skin/extras/backgrounds/)</onclick>
                <label>$LOCALIZE[31253]</label>
                <animation effect="fade" end="47" time="0" condition="!Control.IsEnabled(2103)">Conditional</animation>
            </control>
        </control>

        <control type="button" id="4">
            <include>SettingsBackgroundDialogButtonVars</include>
            <label2>$INFO[Skin.String(HomeWeatherSingleImage)]</label2>
            <onclick>Skin.SetImage(HomeWeatherSingleImage)</onclick>
            <visible>String.IsEmpty(Skin.String(HomeWeatherMultiImage))</visible>
            <enable>!String.IsEmpty(Skin.String(HomeWeatherSingleImage))</enable>
        </control>

        <control type="button" id="4">
            <include>SettingsBackgroundDialogButtonVars</include>
            <label2>$INFO[Skin.String(HomeWeatherMultiImage)]</label2>
            <onclick>Skin.SetPath(HomeWeatherMultiImage)</onclick>
            <visible>!String.IsEmpty(Skin.String(HomeWeatherMultiImage)) </visible>
            <enable>!String.IsEmpty(Skin.String(HomeWeatherMultiImage))</enable>
        </control>
    </include>

    <include name="SettingsPanelItems">
        <itemlayout width="289" height="289">
            <control type="group">
                <animation effect="fade" end="90" time="0" condition="true">Conditional</animation>
                <control type="image">
                    <posx>19</posx>
                    <posy>19</posy>
                    <width>293</width>
                    <height>293</height>
                    <texture border="7">windows/home/tile.png</texture>
                </control>
                <control type="image">
                    <posx>24</posx>
                    <posy>241</posy>
                    <width>283</width>
                    <height>66</height>
                    <texture border="1">windows/home/tile-overlay.png</texture>
                    <colordiffuse>99FFFFFF</colordiffuse>
                </control>
                <control type="image">
                    <posx>24</posx>
                    <posy>24</posy>
                    <width>283</width>
                    <height>283</height>
                    <texture background="true">$INFO[ListItem.Icon]</texture>
                </control>
                <control type="label">
                    <posx>24</posx>
                    <posy>241</posy>
                    <width>283</width>
                    <height>66</height>
                    <label>$INFO[ListItem.Label]</label>
                    <font>Font-Condensed-S33</font>
                    <textcolor>aawhite</textcolor>
                    <align>left</align>
                    <aligny>center</aligny>
                    <textoffsetx>20</textoffsetx>
                </control>
            </control>
        </itemlayout>
        <focusedlayout width="289" height="289">
            <control type="group">
                <control type="image">
                    <posx>3</posx>
                    <posy>3</posy>
                    <width>325</width>
                    <height>325</height>
                    <texture border="40">windows/home/tile-fo.png</texture>
                    <animation type="Focus">
                        <effect type="zoom" start="95" end="100" time="200" tween="sine" easing="inout" center="auto" />
                        <effect type="fade" start="0" end="100" time="200" tween="sine" easing="in" />
                    </animation>
                    <animation type="Unfocus">
                        <effect type="zoom" start="100" end="95" time="200" tween="sine" easing="inout" center="auto" />
                        <effect type="fade" start="100" end="0" time="200" tween="sine" easing="out" />
                    </animation>
                </control>
                <control type="group">
                    <animation type="Focus">
                        <effect type="fade" start="90" end="100" time="200" tween="sine" easing="in" />
                    </animation>
                    <animation type="Unfocus">
                        <effect type="fade" start="100" end="90" time="200" tween="sine" easing="out" />
                    </animation>
                    <control type="image">
                        <posx>19</posx>
                        <posy>19</posy>
                        <width>293</width>
                        <height>293</height>
                        <texture border="7">windows/home/tile.png</texture>
                    </control>
                    <control type="image">
                        <posx>24</posx>
                        <posy>241</posy>
                        <width>283</width>
                        <height>66</height>
                        <texture border="1">windows/home/tile-overlay.png</texture>
                        <colordiffuse>99FFFFFF</colordiffuse>
                    </control>
                    <control type="image">
                        <posx>24</posx>
                        <posy>24</posy>
                        <width>283</width>
                        <height>283</height>
                        <texture>$INFO[ListItem.Icon]</texture>
                        <animation type="Focus" reversible="false">
                            <effect type="zoom" end="115" time="75" tween="sine" easing="out" center="auto" />
                            <effect type="zoom" end="86.9565217" time="225" tween="sine" delay="100" easing="out" center="auto" />
                        </animation>
                    </control>
                    <control type="label">
                        <posx>24</posx>
                        <posy>241</posy>
                        <width>283</width>
                        <height>66</height>
                        <label>$INFO[ListItem.Label]</label>
                        <font>Font-Condensed-S33</font>
                        <textcolor>aawhite</textcolor>
                        <align>left</align>
                        <aligny>center</aligny>
                        <textoffsetx>20</textoffsetx>
                    </control>
                </control>
            </control>
        </focusedlayout>
        <content>
            <item id="1">
                <label>$LOCALIZE[14206]</label>
                <icon>windows/home/icons/appearance.png</icon>
                <onclick>ActivateWindow(InterfaceSettings)</onclick>
                <property name="pos">top</property>
            </item>
            <item id="2">
                <label>$LOCALIZE[14200]</label>
                <icon>windows/home/icons/video.png</icon>
                <onclick>ActivateWindow(PlayerSettings)</onclick>
                <property name="pos">top</property>
            </item>
            <item id="3">
                <label>$LOCALIZE[14211]</label>
                <icon>windows/home/icons/music.png</icon>
                <onclick>Dialog.Close(all)</onclick>
                <onclick>ActivateWindow(MediaSettings)</onclick>
                <property name="pos">top</property>
            </item>
            <item id="4">
                <label>$LOCALIZE[31220]</label>
                <icon>windows/home/icons/tvshows.png</icon>
                <onclick>ActivateWindow(pvrsettings)</onclick>
                <property name="pos">top</property>
            </item>
            <item id="5">
                <label>$LOCALIZE[15016]</label>
                <icon>windows/home/icons/games.png</icon>
                <onclick>ActivateWindow(gamesettings)</onclick>
                <property name="pos">bottom</property>
            </item>
            <item id="6">
                <label>$LOCALIZE[14036]</label>
                <icon>windows/home/icons/network.png</icon>
                <onclick>ActivateWindow(servicesettings)</onclick>
                <property name="pos">bottom</property>
            </item>
            <item id="7">
                <label>$LOCALIZE[13200]</label>
                <icon>windows/home/icons/profiles.png</icon>
                <onclick>ActivateWindow(profiles)</onclick>
                <property name="pos">bottom</property>
            </item>
            <item id="8">
                <label>$LOCALIZE[24001]</label>
                <icon>windows/home/icons/addons.png</icon>
                <onclick>ActivateWindow(addonbrowser)</onclick>
                <property name="pos">bottom</property>
            </item>
            <item id="9">
                <label>$LOCALIZE[13000]</label>
                <icon>windows/home/icons/system.png</icon>
                <onclick>ActivateWindow(systemsettings)</onclick>
                <property name="pos">bottom</property>
            </item>
            <item id="10">
                <label>$LOCALIZE[130]</label>
                <icon>windows/home/icons/sysinfo.png</icon>
                <onclick>ActivateWindow(systeminfo)</onclick>
                <property name="pos">bottom</property>
            </item>
            <item id="11">
                <label>$LOCALIZE[130]</label>
                <icon>windows/home/icons/libreelec.png</icon>
                <onclick>ActivateWindow(systeminfo)</onclick>
                <property name="pos">bottom</property>
                <visible>System.HasAddon(service.libreelec.settings)</visible>
            </item>
        </content>
    </include>

</includes>
